Province;City;URL;Data source-CN;Data source-EN;Type-CN;Type-EN
Anhui;Fuyang;http://wjw.fy.gov.cn/;阜阳市卫生健康委员会;Fuyang Municipal Health Commussion; 国家、省、市、自治区卫生委员会网站;Websites of national, provincial, municipal and autonomous regional Health Commission
Anhui;Hefei;http://wjw.hefei.gov.cn/;合肥市卫生健康委员会;Hefei Municipal Health Commussion; 国家、省、市、自治区卫生委员会网站;Websites of national, provincial, municipal and autonomous regional Health Commission
Anhui;Huaibei;http://wjw.huaibei.gov.cn/xxfb/tzgg/index.html;淮北市卫生健康委员会;Huaibei Municipal Health Commussion; 国家、省、市、自治区卫生委员会网站;Websites of national, provincial, municipal and autonomous regional Health Commission
Anhui;Huainan;http://wjw.huainan.gov.cn/xwzx/tzgg/index.html;淮南市卫生健康委员会;Huainan Municipal Health Commussion; 国家、省、市、自治区卫生委员会网站;Websites of national, provincial, municipal and autonomous regional Health Commission
Anhui;Lu'an;http://www.luan.gov.cn/zwzx/jrla/zxyw/index.html;六安市人民政府;Liuan Municipal People's Government;国家、省、市、自治区政府网站;Websites of the governments of countries, provinces, cities and autonomous regions
Anhui;Anqing;http://wjw.anqing.gov.cn/;安庆市卫生健康委员会;Anqing Municipal Health Commussion; 国家、省、市、自治区卫生委员会网站;Websites of national, provincial, municipal and autonomous regional Health Commission
Anhui;Bozhou;http://wjw.bozhou.gov.cn/;亳州市卫生健康委员会;Bozhou Municipal Health Commussion; 国家、省、市、自治区卫生委员会网站;Websites of national, provincial, municipal and autonomous regional Health Commission
Anhui;Suzhou;http://wjw.ahsz.gov.cn/;宿州市卫生健康委员会;Suzhou Municipal Health Commussion; 国家、省、市、自治区卫生委员会网站;Websites of national, provincial, municipal and autonomous regional Health Commission
Anhui;Fuyang;http://wjw.fy.gov.cn/;阜阳市卫生健康委员会;Fuyang Municipal Health Commussion; 国家、省、市、自治区卫生委员会网站;Websites of national, provincial, municipal and autonomous regional Health Commission
Anhui;Hefei;http://wjw.hefei.gov.cn/;合肥市卫生健康委员会;Hefei Municipal Health Commussion; 国家、省、市、自治区卫生委员会网站;Websites of national, provincial, municipal and autonomous regional Health Commission
Anhui;Huaibei;http://wjw.huaibei.gov.cn/xxfb/tzgg/index.html;淮北市卫生健康委员会;Huaibei Municipal Health Commussion; 国家、省、市、自治区卫生委员会网站;Websites of national, provincial, municipal and autonomous regional Health Commission
Anhui;Huainan;http://wjw.huainan.gov.cn/xwzx/tzgg/index.html;淮南市卫生健康委员会;Huainan Municipal Health Commussion; 国家、省、市、自治区卫生委员会网站;Websites of national, provincial, municipal and autonomous regional Health Commission
Anhui;Lu'an;http://www.luan.gov.cn/zwzx/jrla/zxyw/index.html;六安市人民政府;Liuan Municipal People's Government;国家、省、市、自治区政府网站;Websites of the governments of countries, provinces, cities and autonomous regions
Anhui;Anqing;http://wjw.anqing.gov.cn/;安庆市卫生健康委员会;Anqing Municipal Health Commussion; 国家、省、市、自治区卫生委员会网站;Websites of national, provincial, municipal and autonomous regional Health Commission
Anhui;Bozhou;http://wjw.bozhou.gov.cn/;亳州市卫生健康委员会;Bozhou Municipal Health Commussion; 国家、省、市、自治区卫生委员会网站;Websites of national, provincial, municipal and autonomous regional Health Commission
Anhui;Suzhou;http://wjw.ahsz.gov.cn/;宿州市卫生健康委员会;Suzhou Municipal Health Commussion; 国家、省、市、自治区卫生委员会网站;Websites of national, provincial, municipal and autonomous regional Health Commission
BeiJing;;http://wjw.beijing.gov.cn/;北京市卫生健康委员会;Beijing Municipal Health Commussion; 国家、省、市、自治区卫生委员会网站;Websites of national, provincial, municipal and autonomous regional Health Commission
Fujian;Fuzhou;http://www.fuzhou.gov.cn/zgfzzt/swjw/fzwj/wjgg/;福州市卫生健康委员会;Fuzhou Municipal Health Commussion; 国家、省、市、自治区卫生委员会网站;Websites of national, provincial, municipal and autonomous regional Health Commission
Fujian;Fuzhou;http://www.fuzhou.gov.cn/zgfzzt/swjw/fzwj/wjgg/;福州市卫生健康委员会;Fuzhou Municipal Health Commussion; 国家、省、市、自治区卫生委员会网站;Websites of national, provincial, municipal and autonomous regional Health Commission
Gansu;Lanzhou;http://wsjk.gansu.gov.cn/;甘肃省卫生健康委员会;Gansu Provincial Health Commission; 国家、省、市、自治区卫生委员会网站;Websites of national, provincial, municipal and autonomous regional Health Commission
Gansu;Dingxi;http://wsjk.gansu.gov.cn/;甘肃省卫生健康委员会;Gansu Provincial Health Commission; 国家、省、市、自治区卫生委员会网站;Websites of national, provincial, municipal and autonomous regional Health Commission
Gansu;Pingliang;http://wjw.pingliang.gov.cn/;平凉市卫生健康委员会;Pingliang Municipal Health Committee; 国家、省、市、自治区卫生委员会网站;Websites of national, provincial, municipal and autonomous regional Health Commission
Gansu;Tianshui;http://wjw.pingliang.gov.cn/;甘肃省卫生健康委员会;Gansu Provincial Health Commission; 国家、省、市、自治区卫生委员会网站;Websites of national, provincial, municipal and autonomous regional Health Commission
Gansu;Lanzhou;http://wsjk.gansu.gov.cn/;甘肃省卫生健康委员会;Gansu Provincial Health Commission; 国家、省、市、自治区卫生委员会网站;Websites of national, provincial, municipal and autonomous regional Health Commission
Gansu;Dingxi;http://wsjk.gansu.gov.cn/;甘肃省卫生健康委员会;Gansu Provincial Health Commission; 国家、省、市、自治区卫生委员会网站;Websites of national, provincial, municipal and autonomous regional Health Commission
Gansu;Pingliang;http://wjw.pingliang.gov.cn/;平凉市卫生健康委员会;Pingliang Municipal Health Committee; 国家、省、市、自治区卫生委员会网站;Websites of national, provincial, municipal and autonomous regional Health Commission
Gansu;Tianshui;http://wjw.pingliang.gov.cn/;甘肃省卫生健康委员会;Gansu Provincial Health Commission; 国家、省、市、自治区卫生委员会网站;Websites of national, provincial, municipal and autonomous regional Health Commission
Gansu;Lanzhou;http://wsjk.gansu.gov.cn/;甘肃省卫生健康委员会;Gansu Provincial Health Commission; 国家、省、市、自治区卫生委员会网站;Websites of national, provincial, municipal and autonomous regional Health Commission
Gansu;Dingxi;http://wsjk.gansu.gov.cn/;甘肃省卫生健康委员会;Gansu Provincial Health Commission; 国家、省、市、自治区卫生委员会网站;Websites of national, provincial, municipal and autonomous regional Health Commission
Gansu;Pingliang;http://wjw.pingliang.gov.cn/;平凉市卫生健康委员会;Pingliang Municipal Health Committee; 国家、省、市、自治区卫生委员会网站;Websites of national, provincial, municipal and autonomous regional Health Commission
Gansu;Tianshui;http://wjw.pingliang.gov.cn/;甘肃省卫生健康委员会;Gansu Provincial Health Commission; 国家、省、市、自治区卫生委员会网站;Websites of national, provincial, municipal and autonomous regional Health Commission
Guangdong;Dongguan;http://dghb.dg.gov.cn/;东莞市卫生健康局;Dongguan Municipal Health Commussion; 国家、省、市、自治区卫生委员会网站;Websites of national, provincial, municipal and autonomous regional Health Commission
Guangdong;Maoming;https://weibo.com/238076780;广东省茂名市人民政府新闻办公室官方微博;Official Weibo of the Information Office of the People's Government of Maoming Municipal, Guangdong Province;官方微博;Official Weibo
Guangdong;Zhuhai;https://weibo.com/u/3603732332;珠海市卫生健康局微博;Zhuhai Municipal Health Bureau Weibo;官方微博;Official Weibo
Guangdong;Shenzhen;http://wjw.sz.gov.cn/;深圳市卫生健康委员会;Shenzhen Municipal Health Commussion; 国家、省、市、自治区卫生委员会网站;Websites of national, provincial, municipal and autonomous regional Health Commission
Guangdong;Dongguan;http://dghb.dg.gov.cn/;东莞市卫生健康局;Dongguan Municipal Health Commussion; 国家、省、市、自治区卫生委员会网站;Websites of national, provincial, municipal and autonomous regional Health Commission
Guangdong;Maoming;https://weibo.com/238076780;广东省茂名市人民政府新闻办公室官方微博;Official Weibo of the Information Office of the People's Government of Maoming Municipal, Guangdong Province;官方微博;Official Weibo
Guangdong;Zhuhai;https://weibo.com/u/3603732332;珠海市卫生健康局微博;Zhuhai Municipal Health Bureau Weibo;官方微博;Official Weibo
Guangdong;Shenzhen;http://wjw.sz.gov.cn/;深圳市卫生健康委员会;Shenzhen Municipal Health Commussion; 国家、省、市、自治区卫生委员会网站;Websites of national, provincial, municipal and autonomous regional Health Commission
Guangxi;Beihai;http://xxgk.beihai.gov.cn/bhswshjhsywyh/#.airline;北海市卫生健康委员会;Beihai Municipal Health Commussion; 国家、省、市、自治区卫生委员会网站;Websites of national, provincial, municipal and autonomous regional Health Commission
Guangxi;Guilin;http://wjw.guilin.gov.cn/;桂林市卫生健康委员会;Guilin Municipal Health Commussion; 国家、省、市、自治区卫生委员会网站;Websites of national, provincial, municipal and autonomous regional Health Commission
Guangxi;Hechi;http://wjw.hechi.gov.cn/;河池市卫生健康委员会;Hechi Municipal Health Commussion; 国家、省、市、自治区卫生委员会网站;Websites of national, provincial, municipal and autonomous regional Health Commission
Guangxi;Liuzhou;http://wjw.liuzhou.gov.cn/;柳州市卫生健康委员会;Liuzhou Municipal Health Commussion; 国家、省、市、自治区卫生委员会网站;Websites of national, provincial, municipal and autonomous regional Health Commission
Guangxi;Nanning;http://wjw.nanning.gov.cn/;南宁市卫生健康委员会;Nanning Municipal Health Commussion; 国家、省、市、自治区卫生委员会网站;Websites of national, provincial, municipal and autonomous regional Health Commission
Guangxi;Baise;http://news.bsyjrb.cn/node_400.htm;百色新闻网;Baise News Net; 国家、省、市官方附属机构网站; Websites of official affiliates of countries, provinces and cities
Guangxi;Yulin;http://wjw.yulin.gov.cn/;玉林市卫生健康委员会;Yulin Municipal Health Commussion; 国家、省、市、自治区卫生委员会网站;Websites of national, provincial, municipal and autonomous regional Health Commission
Guangxi;Fangchenggang;http://www.fcgs.gov.cn/wjw/zwgk/;防城港市卫生健康委员会;Fangchenggang Municipal Health Commussion; 国家、省、市、自治区卫生委员会网站;Websites of national, provincial, municipal and autonomous regional Health Commission
Guangxi;Wuzhou;http://wjw.wuzhou.gov.cn/gggs/index.shtml;梧州市卫生健康委员会;Wuzhou Municipal Health Commussion; 国家、省、市、自治区卫生委员会网站;Websites of national, provincial, municipal and autonomous regional Health Commission
Guangxi;Baise;https://v.gxnews.com.cn/zt/2025yq;广西新闻网可视化大数据实验室;Guangxi News Visualization Big data Laboratory; 国家、省、市官方附属机构网站; Websites of official affiliates of countries, provinces and cities
Guangxi;Qinzhou;https://v.gxnews.com.cn/zt/2028yq;广西新闻网可视化大数据实验室;Guangxi News Visualization Big data Laboratory; 国家、省、市官方附属机构网站; Websites of official affiliates of countries, provinces and cities
Guangxi;Guigang;https://v.gxnews.com.cn/zt/2030yq;广西新闻网可视化大数据实验室;Guangxi News Visualization Big data Laboratory; 国家、省、市官方附属机构网站; Websites of official affiliates of countries, provinces and cities
Guangxi;Hezhou;https://v.gxnews.com.cn/zt/2031yq;广西新闻网可视化大数据实验室;Guangxi News Visualization Big data Laboratory; 国家、省、市官方附属机构网站; Websites of official affiliates of countries, provinces and cities
Guangxi;Laibin;https://v.gxnews.com.cn/zt/2032yq;广西新闻网可视化大数据实验室;Guangxi News Visualization Big data Laboratory; 国家、省、市官方附属机构网站; Websites of official affiliates of countries, provinces and cities
Guangxi;Beihai;http://xxgk.beihai.gov.cn/bhswshjhsywyh/#.airline;北海市卫生健康委员会;Beihai Municipal Health Commussion; 国家、省、市、自治区卫生委员会网站;Websites of national, provincial, municipal and autonomous regional Health Commission
Guangxi;Guilin;http://wjw.guilin.gov.cn/;桂林市卫生健康委员会;Guilin Municipal Health Commussion; 国家、省、市、自治区卫生委员会网站;Websites of national, provincial, municipal and autonomous regional Health Commission
Guangxi;Hechi;http://wjw.hechi.gov.cn/;河池市卫生健康委员会;Hechi Municipal Health Commussion; 国家、省、市、自治区卫生委员会网站;Websites of national, provincial, municipal and autonomous regional Health Commission
Guangxi;Liuzhou;http://wjw.liuzhou.gov.cn/;柳州市卫生健康委员会;Liuzhou Municipal Health Commussion; 国家、省、市、自治区卫生委员会网站;Websites of national, provincial, municipal and autonomous regional Health Commission
Guangxi;Nanning;http://wjw.nanning.gov.cn/;南宁市卫生健康委员会;Nanning Municipal Health Commussion; 国家、省、市、自治区卫生委员会网站;Websites of national, provincial, municipal and autonomous regional Health Commission
Guangxi;Baise;http://news.bsyjrb.cn/node_400.htm;百色新闻网;Baise News Net; 国家、省、市官方附属机构网站; Websites of official affiliates of countries, provinces and cities
Guangxi;Yulin;http://wjw.yulin.gov.cn/;玉林市卫生健康委员会;Yulin Municipal Health Commussion; 国家、省、市、自治区卫生委员会网站;Websites of national, provincial, municipal and autonomous regional Health Commission
Guangxi;Fangchenggang;http://www.fcgs.gov.cn/wjw/zwgk/;防城港市卫生健康委员会;Fangchenggang Municipal Health Commussion; 国家、省、市、自治区卫生委员会网站;Websites of national, provincial, municipal and autonomous regional Health Commission
Guangxi;Wuzhou;http://wjw.wuzhou.gov.cn/gggs/index.shtml;梧州市卫生健康委员会;Wuzhou Municipal Health Commussion; 国家、省、市、自治区卫生委员会网站;Websites of national, provincial, municipal and autonomous regional Health Commission
GuiZhou;GuiYang;http://www.gzhfpc.gov.cn;贵州省卫生健康委员会;Guizhou Provincial Health Commission; 国家、省、市、自治区卫生委员会网站;Websites of national, provincial, municipal and autonomous regional Health Commission
GuiZhou;ZunYi;http://www.gzhfpc.gov.cn;贵州省卫生健康委员会;Guizhou Provincial Health Commission; 国家、省、市、自治区卫生委员会网站;Websites of national, provincial, municipal and autonomous regional Health Commission
GuiZhou;BiJie;http://www.gzhfpc.gov.cn;贵州省卫生健康委员会;Guizhou Provincial Health Commission; 国家、省、市、自治区卫生委员会网站;Websites of national, provincial, municipal and autonomous regional Health Commission
GuiZhou;LiuPanShui;http://www.gzhfpc.gov.cn;贵州省卫生健康委员会;Guizhou Provincial Health Commission; 国家、省、市、自治区卫生委员会网站;Websites of national, provincial, municipal and autonomous regional Health Commission
GuiZhou;TongRen;http://www.gzhfpc.gov.cn;贵州省卫生健康委员会;Guizhou Provincial Health Commission; 国家、省、市、自治区卫生委员会网站;Websites of national, provincial, municipal and autonomous regional Health Commission
GuiZhou;Qian NanZhou;http://www.gzhfpc.gov.cn;贵州省卫生健康委员会;Guizhou Provincial Health Commission; 国家、省、市、自治区卫生委员会网站;Websites of national, provincial, municipal and autonomous regional Health Commission
GuiZhou;Qian Dongnanzhou;http://www.gzhfpc.gov.cn;贵州省卫生健康委员会;Guizhou Provincial Health Commission; 国家、省、市、自治区卫生委员会网站;Websites of national, provincial, municipal and autonomous regional Health Commission
GuiZhou;Qian Xinanzhou;http://www.gzhfpc.gov.cn;贵州省卫生健康委员会;Guizhou Provincial Health Commission; 国家、省、市、自治区卫生委员会网站;Websites of national, provincial, municipal and autonomous regional Health Commission
GuiZhou;AnShun;http://www.gzhfpc.gov.cn;贵州省卫生健康委员会;Guizhou Provincial Health Commission; 国家、省、市、自治区卫生委员会网站;Websites of national, provincial, municipal and autonomous regional Health Commission
GuiZhou;GuiYang;http://www.gzhfpc.gov.cn;贵州省卫生健康委员会;Guizhou Province Health Commussion; 国家、省、市、自治区卫生委员会网站;Websites of national, provincial, municipal and autonomous regional Health Commission
GuiZhou;ZunYi;http://www.gzhfpc.gov.cn;贵州省卫生健康委员会;Guizhou Province Health Commussion; 国家、省、市、自治区卫生委员会网站;Websites of national, provincial, municipal and autonomous regional Health Commission
GuiZhou;BiJie;http://www.gzhfpc.gov.cn;贵州省卫生健康委员会;Guizhou Province Health Commussion; 国家、省、市、自治区卫生委员会网站;Websites of national, provincial, municipal and autonomous regional Health Commission
GuiZhou;LiuPanShui;http://www.gzhfpc.gov.cn;贵州省卫生健康委员会;Guizhou Province Health Commussion; 国家、省、市、自治区卫生委员会网站;Websites of national, provincial, municipal and autonomous regional Health Commission
GuiZhou;TongRen;http://www.gzhfpc.gov.cn;贵州省卫生健康委员会;Guizhou Province Health Commussion; 国家、省、市、自治区卫生委员会网站;Websites of national, provincial, municipal and autonomous regional Health Commission
GuiZhou;Qian NanZhou;http://www.gzhfpc.gov.cn;贵州省卫生健康委员会;Guizhou Province Health Commussion; 国家、省、市、自治区卫生委员会网站;Websites of national, provincial, municipal and autonomous regional Health Commission
GuiZhou;Qian Dongnanzhou;http://www.gzhfpc.gov.cn;贵州省卫生健康委员会;Guizhou Province Health Commussion; 国家、省、市、自治区卫生委员会网站;Websites of national, provincial, municipal and autonomous regional Health Commission
GuiZhou;Qian Xinanzhou;http://www.gzhfpc.gov.cn;贵州省卫生健康委员会;Guizhou Province Health Commussion; 国家、省、市、自治区卫生委员会网站;Websites of national, provincial, municipal and autonomous regional Health Commission
GuiZhou;AnShun;http://www.gzhfpc.gov.cn;贵州省卫生健康委员会;Guizhou Province Health Commussion; 国家、省、市、自治区卫生委员会网站;Websites of national, provincial, municipal and autonomous regional Health Commission
GuiZhou;GuiYang;http://www.gzhfpc.gov.cn;贵州省卫生健康委员会;Guizhou Provincial Health Commission; 国家、省、市、自治区卫生委员会网站;Websites of national, provincial, municipal and autonomous regional Health Commission
GuiZhou;ZunYi;http://www.gzhfpc.gov.cn;贵州省卫生健康委员会;Guizhou Provincial Health Commission; 国家、省、市、自治区卫生委员会网站;Websites of national, provincial, municipal and autonomous regional Health Commission
GuiZhou;BiJie;http://www.gzhfpc.gov.cn;贵州省卫生健康委员会;Guizhou Provincial Health Commission; 国家、省、市、自治区卫生委员会网站;Websites of national, provincial, municipal and autonomous regional Health Commission
GuiZhou;LiuPanShui;http://www.gzhfpc.gov.cn;贵州省卫生健康委员会;Guizhou Provincial Health Commission; 国家、省、市、自治区卫生委员会网站;Websites of national, provincial, municipal and autonomous regional Health Commission
GuiZhou;TongRen;http://www.gzhfpc.gov.cn;贵州省卫生健康委员会;Guizhou Provincial Health Commission; 国家、省、市、自治区卫生委员会网站;Websites of national, provincial, municipal and autonomous regional Health Commission
GuiZhou;Qian NanZhou;http://www.gzhfpc.gov.cn;贵州省卫生健康委员会;Guizhou Provincial Health Commission; 国家、省、市、自治区卫生委员会网站;Websites of national, provincial, municipal and autonomous regional Health Commission
GuiZhou;Qian Dongnanzhou;http://www.gzhfpc.gov.cn;贵州省卫生健康委员会;Guizhou Provincial Health Commission; 国家、省、市、自治区卫生委员会网站;Websites of national, provincial, municipal and autonomous regional Health Commission
GuiZhou;Qian Xinanzhou;http://www.gzhfpc.gov.cn;贵州省卫生健康委员会;Guizhou Provincial Health Commission; 国家、省、市、自治区卫生委员会网站;Websites of national, provincial, municipal and autonomous regional Health Commission
GuiZhou;AnShun;http://www.gzhfpc.gov.cn;贵州省卫生健康委员会;Guizhou Provincial Health Commission; 国家、省、市、自治区卫生委员会网站;Websites of national, provincial, municipal and autonomous regional Health Commission
Hainan;Baoting;http://wst.hainan.gov.cn/yqfk/index/index/qianyi.html;海南省卫生健康委员会;Hainan Health Committee; 国家、省、市、自治区卫生委员会网站;Websites of national, provincial, municipal and autonomous regional Health Commission
Hainan;Changjiang;http://wst.hainan.gov.cn/yqfk/index/index/qianyi.html;海南省卫生健康委员会;Hainan Health Committee; 国家、省、市、自治区卫生委员会网站;Websites of national, provincial, municipal and autonomous regional Health Commission
Hainan;Chengmai;http://wst.hainan.gov.cn/yqfk/index/index/qianyi.html;海南省卫生健康委员会;Hainan Health Committee; 国家、省、市、自治区卫生委员会网站;Websites of national, provincial, municipal and autonomous regional Health Commission
Hainan;Danzhou;http://wst.hainan.gov.cn/yqfk/index/index/qianyi.html;海南省卫生健康委员会;Hainan Health Committee; 国家、省、市、自治区卫生委员会网站;Websites of national, provincial, municipal and autonomous regional Health Commission
Hainan;Dingan;http://wst.hainan.gov.cn/yqfk/index/index/qianyi.html;海南省卫生健康委员会;Hainan Health Committee; 国家、省、市、自治区卫生委员会网站;Websites of national, provincial, municipal and autonomous regional Health Commission
Hainan;Dongfang;http://wst.hainan.gov.cn/yqfk/index/index/qianyi.html;海南省卫生健康委员会;Hainan Health Committee; 国家、省、市、自治区卫生委员会网站;Websites of national, provincial, municipal and autonomous regional Health Commission
Hainan;Haikou;http://wst.hainan.gov.cn/yqfk/index/index/qianyi.html;海南省卫生健康委员会;Hainan Health Committee; 国家、省、市、自治区卫生委员会网站;Websites of national, provincial, municipal and autonomous regional Health Commission
Hainan;Ledong;http://wst.hainan.gov.cn/yqfk/index/index/qianyi.html;海南省卫生健康委员会;Hainan Health Committee; 国家、省、市、自治区卫生委员会网站;Websites of national, provincial, municipal and autonomous regional Health Commission
Hainan;Ningao;http://wst.hainan.gov.cn/yqfk/index/index/qianyi.html;海南省卫生健康委员会;Hainan Health Committee; 国家、省、市、自治区卫生委员会网站;Websites of national, provincial, municipal and autonomous regional Health Commission
Hainan;Lingshui;http://wst.hainan.gov.cn/yqfk/index/index/qianyi.html;海南省卫生健康委员会;Hainan Health Committee; 国家、省、市、自治区卫生委员会网站;Websites of national, provincial, municipal and autonomous regional Health Commission
Hainan;Qionghai;http://wst.hainan.gov.cn/yqfk/index/index/qianyi.html;海南省卫生健康委员会;Hainan Health Committee; 国家、省、市、自治区卫生委员会网站;Websites of national, provincial, municipal and autonomous regional Health Commission
Hainan;Qiongzhong;http://wst.hainan.gov.cn/yqfk/index/index/qianyi.html;海南省卫生健康委员会;Hainan Health Committee; 国家、省、市、自治区卫生委员会网站;Websites of national, provincial, municipal and autonomous regional Health Commission
Hainan;Sanya;http://wst.hainan.gov.cn/yqfk/index/index/qianyi.html;海南省卫生健康委员会;Hainan Health Committee; 国家、省、市、自治区卫生委员会网站;Websites of national, provincial, municipal and autonomous regional Health Commission
Hainan;Wanning;http://wst.hainan.gov.cn/yqfk/index/index/qianyi.html;海南省卫生健康委员会;Hainan Health Committee; 国家、省、市、自治区卫生委员会网站;Websites of national, provincial, municipal and autonomous regional Health Commission
Hainan;Wenchang;http://wst.hainan.gov.cn/yqfk/index/index/qianyi.html;海南省卫生健康委员会;Hainan Health Committee; 国家、省、市、自治区卫生委员会网站;Websites of national, provincial, municipal and autonomous regional Health Commission
Hebei;Cangzhou;https://weibo.com/cangzhounews;沧州晚报微博;Cangzhou Evening News Weibo;官方微博;Official Weibo
Hebei;Tangshan;http://wsjkwyh.tangshan.gov.cn/;唐山市卫生健康委员会;Tangshan Municipal Health Commission; 国家、省、市、自治区卫生委员会网站;Websites of national, provincial, municipal and autonomous regional Health Commission
Hebei;Shijiazhuang;http://wsjk.sjz.gov.cn;石家庄市卫生健康委员会;Shijiazhuang Municipal Health Commission; 国家、省、市、自治区卫生委员会网站;Websites of national, provincial, municipal and autonomous regional Health Commission
Hebei;Chengde;http://wjw.chengde.gov.cn/;承德市卫生健康委员会;Chengde Municipal Health Commission; 国家、省、市、自治区卫生委员会网站;Websites of national, provincial, municipal and autonomous regional Health Commission
Hebei;Xingtai;http://wsjkw.xingtai.gov.cn;邢台市卫生健康委员会;Xingtai Municipal Health Commission; 国家、省、市、自治区卫生委员会网站;Websites of national, provincial, municipal and autonomous regional Health Commission
Hebei;Qinhuangdao;http://wjw.qhd.gov.cn/;秦皇岛市卫生健康委员会;Qinhuangdao Municipal Health Commission; 国家、省、市、自治区卫生委员会网站;Websites of national, provincial, municipal and autonomous regional Health Commission
Hebei;Langfang;http://wjw.lf.gov.cn/html/index.html;廊坊市卫生健康委员会;Langfang Municipal Health Commission; 国家、省、市、自治区卫生委员会网站;Websites of national, provincial, municipal and autonomous regional Health Commission
Hebei;Cangzhou;https://weibo.com/cangzhounews;沧州晚报微博;Cangzhou Evening News Weibo;官方微博;Official Weibo
Hebei;Tangshan;http://wsjkwyh.tangshan.gov.cn/;唐山市卫生健康委员会;Tangshan Municipal Health Commission; 国家、省、市、自治区卫生委员会网站;Websites of national, provincial, municipal and autonomous regional Health Commission
Hebei;Shijiazhuang;http://wsjk.sjz.gov.cn;石家庄市卫生健康委员会;Shijiazhuang Municipal Health Commission; 国家、省、市、自治区卫生委员会网站;Websites of national, provincial, municipal and autonomous regional Health Commission
Hebei;Chengde;http://wjw.chengde.gov.cn/;承德市卫生健康委员会;Chengde Municipal Health Commission; 国家、省、市、自治区卫生委员会网站;Websites of national, provincial, municipal and autonomous regional Health Commission
Hebei;Xingtai;http://wsjkw.xingtai.gov.cn;邢台市卫生健康委员会;Xingtai Municipal Health Commission; 国家、省、市、自治区卫生委员会网站;Websites of national, provincial, municipal and autonomous regional Health Commission
Hebei;Qinhuangdao;http://wjw.qhd.gov.cn/;秦皇岛市卫生健康委员会;Qinhuangdao Municipal Health Commission; 国家、省、市、自治区卫生委员会网站;Websites of national, provincial, municipal and autonomous regional Health Commission
Hebei;Langfang;http://wjw.lf.gov.cn/html/index.html;廊坊市卫生健康委员会;Langfang Municipal Health Commission; 国家、省、市、自治区卫生委员会网站;Websites of national, provincial, municipal and autonomous regional Health Commission
Heilongjiang;Daqing;http://www.daqing.gov.cn/;大庆市人民政府;Daqing Municipal People's Government;国家、省、市、自治区政府网站;Websites of the governments of countries, provinces, cities and autonomous regions
Heilongjiang;Haerbin;http://www.hlj.xinhuanet.com;新华网;Xinhuanet; 国家、省、市官方附属机构网站; Websites of official affiliates of countries, provinces and cities
Heilongjiang;Qiqihaer;http://heb.bendibao.com;哈尔滨本地宝;Harbin local treasure; 国家、省、市官方附属机构网站; Websites of official affiliates of countries, provinces and cities
Heilongjiang;Shuangyashan;http://hlj.sina.com.cn/news/;新浪黑龙江;Sina Heilongjiang;其他网站;Other Websites
Heilongjiang;Suihua;https://heilongjiang.dbw.cn;东北网黑龙江频道;Northeast Network Heilongjiang Channel; 国家、省、市官方附属机构网站; Websites of official affiliates of countries, provinces and cities
Heilongjiang;Jiamusi;https://www.sohu.com/a/371903383_99962390;搜狐网;Sohu.com;其他网站;Other Websites
Heilongjiang;Qitaihe;https://www.sohu.com/a/374567409_784519;搜狐网;Sohu.com;其他网站;Other Websites
Heilongjiang;Jixi;https://heilongjiang.dbw.cn;东北网黑龙江频道;Northeast Network Heilongjiang Channel; 国家、省、市官方附属机构网站; Websites of official affiliates of countries, provinces and cities
Heilongjiang;Hegang;https://xw.qq.com/cmsid/20200214A0MF0F00?f=newdc;腾讯网;Tencent;其他网站;Other Websites
Heilongjiang;Daqing;http://www.daqing.gov.cn/;大庆市人民政府;Daqing Municipal People's Government;国家、省、市、自治区政府网站;Websites of the governments of countries, provinces, cities and autonomous regions
Henan;Xinyang;http://www.hnxywjw.gov.cn/;信阳卫生健康委员会;Xinyang Municipal Health Commussion; 国家、省、市、自治区卫生委员会网站;Websites of national, provincial, municipal and autonomous regional Health Commission
Henan;Jiaozuo;http://www.jzswjw.gov.cn/;焦作卫生健康委员会;Jiaozuo Municipal Health Commussion; 国家、省、市、自治区卫生委员会网站;Websites of national, provincial, municipal and autonomous regional Health Commission
Henan;Kaifeng;http://www.kfwsjsw.gov.cn/;开封市卫生健康委员会;Kaifeng Municipal Health Commussion; 国家、省、市、自治区卫生委员会网站;Websites of national, provincial, municipal and autonomous regional Health Commission
Henan;Anyang;https://weibo.com/ayxww;安阳市政府微博;Anyang Municipal Government Weibo;官方微博;Official Weibo
Henan;Xuchang;http://xcswjw.xuchang.gov.cn/;许昌市卫生健康委员会;XuChang Municipal Health Commussion; 国家、省、市、自治区卫生委员会网站;Websites of national, provincial, municipal and autonomous regional Health Commission
Henan;Hebi;https://wsjkw.hebi.gov.cn/;鹤壁市卫生健康委员会;Hebi Municipal Health Commussion; 国家、省、市、自治区卫生委员会网站;Websites of national, provincial, municipal and autonomous regional Health Commission
Henan;Sanmenxia;http://wjw.smx.gov.cn/;三门峡市卫生健康委员会;Sanmenxia Municipal Health Commussion; 国家、省、市、自治区卫生委员会网站;Websites of national, provincial, municipal and autonomous regional Health Commission
Henan;Shangqiu;http://www.shangqiu.gov.cn/Category_1026/Index.aspx;商丘市人民政府;Shangqiu Municipal People's Government;国家、省、市、自治区政府网站;Websites of the governments of countries, provinces, cities and autonomous regions
Henan;Zhoukou;http://www.hazhoukou.gov.cn/Home/gkml?code=gstg;周口市人民政府;Zhoukou Municipal People's Government;国家、省、市、自治区政府网站;Websites of the governments of countries, provinces, cities and autonomous regions
Henan;Xinyang;http://www.hnxywjw.gov.cn/;信阳卫生健康委员会;Xinyang Municipal Health Commussion; 国家、省、市、自治区卫生委员会网站;Websites of national, provincial, municipal and autonomous regional Health Commission
Henan;Nanyang;http://nyws.nanyang.gov.cn/;南阳卫生健康委员会;Nanyang Municipal Health Commussion; 国家、省、市、自治区卫生委员会网站;Websites of national, provincial, municipal and autonomous regional Health Commission
Henan;Zhengzhou;http://wjw.zhengzhou.gov.cn/;郑州卫生健康委员会;Zhengzhou Municipal Health Commussion; 国家、省、市、自治区卫生委员会网站;Websites of national, provincial, municipal and autonomous regional Health Commission
Henan;Dengzhou;http://nyws.nanyang.gov.cn/;南阳卫生健康委员会;Nanyang Municipal Health Commussion; 国家、省、市、自治区卫生委员会网站;Websites of national, provincial, municipal and autonomous regional Health Commission
Henan;Luohe;http://www.lhswjw.gov.cn/;漯河卫生健康委员会;Luohe Municipal Health Commussion; 国家、省、市、自治区卫生委员会网站;Websites of national, provincial, municipal and autonomous regional Health Commission
Henan;Pingdingshan;http://www.pdswsjsw.gov.cn/;平顶山卫生健康委员会;Pingdingshan Municipal Health Commussion; 国家、省、市、自治区卫生委员会网站;Websites of national, provincial, municipal and autonomous regional Health Commission
Henan;Puyang;http://www.pyswjw.gov.cn/;濮阳市卫生健康委员会;Puyang Municipal Health Commussion; 国家、省、市、自治区卫生委员会网站;Websites of national, provincial, municipal and autonomous regional Health Commission
Henan;Zhumadian;;驻马店日报公众号;Zhumadian Daily official account;官方公众号;Weixin Official Account
Henan;LuoYang;http://www.lyws.gov.cn;洛阳市卫生健康委员会;Luoyang Municipal Health Commussion; 国家、省、市、自治区卫生委员会网站;Websites of national, provincial, municipal and autonomous regional Health Commission
Hunan;Huaihua;http://www.huaihua.gov.cn/wsjkw/c100577/list.shtml;怀化市卫生健康委员会;Huaihua Municipal Health Commussion; 国家、省、市、自治区卫生委员会网站;Websites of national, provincial, municipal and autonomous regional Health Commission
Hunan;Changde;http://wjw.changde.gov.cn;常德市卫生健康委员会;Changde Municipal Health Commussion; 国家、省、市、自治区卫生委员会网站;Websites of national, provincial, municipal and autonomous regional Health Commission
Hunan;XiangTan;http://wsjkw.xiangtan.gov.cn/;湘潭市卫生健康委员会;XiangTan Municipal Health Commussion; 国家、省、市、自治区卫生委员会网站;Websites of national, provincial, municipal and autonomous regional Health Commission
Hunan;ZhuZhou;http://wjw.zhuzhou.gov.cn/;株洲市卫生健康委员会;ZhuZhou Municipal Health Commussion; 国家、省、市、自治区卫生委员会网站;Websites of national, provincial, municipal and autonomous regional Health Commission
Hunan;YongZhou;http://www.qy.gov.cn/qy/index.shtml;祁阳县人民政府;Qiyang County People's Government;国家、省、市、自治区政府网站;Websites of the governments of countries, provinces, cities and autonomous regions
Hunan;YiYang;http://wjw.hunan.gov.cn/;湖南省卫生健康委员会;HuNan Municipal Health Commussion; 国家、省、市、自治区卫生委员会网站;Websites of national, provincial, municipal and autonomous regional Health Commission
Hunan;HengYang;https://www.hengyang.gov.cn/hyswjw/xxgk/gzdt/wjyw/index.html;衡阳市卫生健康委员会;HengYang Municipal Health Commussion; 国家、省、市、自治区卫生委员会网站;Websites of national, provincial, municipal and autonomous regional Health Commission
Hunan;ShaoYang;https://wjw.shaoyang.gov.cn/wjw/index.shtml;邵阳市卫生健康委员会;ShaoYang Municipal Health Commussion; 国家、省、市、自治区卫生委员会网站;Websites of national, provincial, municipal and autonomous regional Health Commission
Hunan;YueYang;http://www.yueyang.gov.cn/wsj/11095/default.htm;岳阳市卫生健康委员会;YueYang Municipal Health Commussion; 国家、省、市、自治区卫生委员会网站;Websites of national, provincial, municipal and autonomous regional Health Commission
Hunan;ZhangJiaJie;https://m.sohu.com/a/371382382_120046762;搜狐网-掌上张家界;Sohu.com-Pocket Zhangjiajie;官方公众号;Weixin Official Account
Hunan;LouDi;http://wjw.hnloudi.gov.cn/;娄底市卫生健康委员会;LouDi Municipal Health Commussion; 国家、省、市、自治区卫生委员会网站;Websites of national, provincial, municipal and autonomous regional Health Commission
Hunan;ChenZhou;http://xycz.czs.gov.cn/137/16291.html;信用中国（湖南郴州）;Credit China (Chenzhou, Hunan);国家、省、市、自治区政府网站;Websites of the governments of countries, provinces, cities and autonomous regions
Hunan;XiangXi;http://cs.bendibao.com/news/;长沙本地宝;Changsha local treasure;官方公众号;Weixin Official Account
Hunan;YongZhou;http://cs.bendibao.com/news/;长沙本地宝;Changsha local treasure;官方公众号;Weixin Official Account
Hunan;ChangSha;http://cs.bendibao.com/news/;长沙本地宝;Changsha local treasure;官方公众号;Weixin Official Account
Hunan;Huaihua;http://www.huaihua.gov.cn/wsjkw/c100577/list.shtml;怀化市卫生健康委员会;Huaihua Municipal Health Commussion; 国家、省、市、自治区卫生委员会网站;Websites of national, provincial, municipal and autonomous regional Health Commission
Hunan;Changde;http://wjw.changde.gov.cn;常德市卫生健康委员会;Changde Municipal Health Commussion; 国家、省、市、自治区卫生委员会网站;Websites of national, provincial, municipal and autonomous regional Health Commission
Jiangsu;Suzhou;http://wsjkw.suzhou.gov.cn/;苏州市卫生健康委员会;Suzhou Municipal Health Commussion; 国家、省、市、自治区卫生委员会网站;Websites of national, provincial, municipal and autonomous regional Health Commission
Jiangsu;Nanjing;http://wjw.nanjing.gov.cn/;南京市卫生健康委员会;Nanjing Municipal Health Commussion; 国家、省、市、自治区卫生委员会网站;Websites of national, provincial, municipal and autonomous regional Health Commission
Jiangsu;Xuzhou;http://ws.xz.gov.cn/;徐州市卫生健康委员会;Xuzhou Municipal Health Commussion; 国家、省、市、自治区卫生委员会网站;Websites of national, provincial, municipal and autonomous regional Health Commission
Jiangsu;Wuxi;http://wjw.wuxi.gov.cn/;无锡市卫生健康委员会;Wuxi Municipal Health Commussion; 国家、省、市、自治区卫生委员会网站;Websites of national, provincial, municipal and autonomous regional Health Commission
Jiangsu;Taizhou;http://wjw.taizhou.gov.cn/;泰州市卫生健康委员会;Taizhou Municipal Health Commussion; 国家、省、市、自治区卫生委员会网站;Websites of national, provincial, municipal and autonomous regional Health Commission
Jiangsu;Nantong;http://wjw.nantong.gov.cn/;南通市卫生健康委员会;Nantong Municipal Health Commussion; 国家、省、市、自治区卫生委员会网站;Websites of national, provincial, municipal and autonomous regional Health Commission
Jiangsu;Lianyungang;http://www.lyg.gov.cn/zglygzfmhwz/xxzx/xxzxRd.htm;连云港市人民政府;Lianyungang Municipal People's Government;国家、省、市、自治区政府网站;Websites of the governments of countries, provinces, cities and autonomous regions
Jiangsu;Yangzhou;http://wjw.yangzhou.gov.cn/;扬州市卫生健康委员会;Yangzhou Municipal Health Commussion; 国家、省、市、自治区卫生委员会网站;Websites of national, provincial, municipal and autonomous regional Health Commission
Jiangsu;Nanjing;;南京发布;Nanjing Release;官方公众号;Weixin Official Account
Jiangsu;Wuxi;;无锡发布;Wuxi Release;官方公众号;Weixin Official Account
Jiangsu;Xuzhou;;徐州发布;Xuzhou Release;官方公众号;Weixin Official Account
Jiangsu;Changzhou;;常州发布;Changzhou Release;官方公众号;Weixin Official Account
Jiangsu;Suzhou;;苏州发布;Suzhou Release;官方公众号;Weixin Official Account
Jiangsu;Nantong;;南通发布;Nantong Release;官方公众号;Weixin Official Account
Jiangsu;Lianyungang;;连云港发布;Lianyungang Release;官方公众号;Weixin Official Account
Jiangsu;Huaian;;淮安发布;Huaian Release;官方公众号;Weixin Official Account
Jiangsu;Yancheng;;盐城发布;Yancheng Release;官方公众号;Weixin Official Account
Jiangsu;Yangzhou;;扬州发布;Yangzhou Release;官方公众号;Weixin Official Account
Jiangsu;Zhenjiang;;镇江发布;Zhenjiang Release;官方公众号;Weixin Official Account
Jiangsu;Taizhou;;泰州发布;Taizhou Release;官方公众号;Weixin Official Account
Jiangsu;Suqian;;宿迁发布;Suqian Release;官方公众号;Weixin Official Account
Jiangsu;Suzhou;http://wsjkw.suzhou.gov.cn/;苏州市卫生健康委员会;Suzhou Municipal Health Commussion; 国家、省、市、自治区卫生委员会网站;Websites of national, provincial, municipal and autonomous regional Health Commission
Jiangsu;Nanjing;http://wjw.nanjing.gov.cn/;南京市卫生健康委员会;Nanjing Municipal Health Commussion; 国家、省、市、自治区卫生委员会网站;Websites of national, provincial, municipal and autonomous regional Health Commission
Jiangsu;Xuzhou;http://ws.xz.gov.cn/;徐州市卫生健康委员会;Xuzhou Municipal Health Commussion; 国家、省、市、自治区卫生委员会网站;Websites of national, provincial, municipal and autonomous regional Health Commission
Jiangsu;Wuxi;http://wjw.wuxi.gov.cn/;无锡市卫生健康委员会;Wuxi Municipal Health Commussion; 国家、省、市、自治区卫生委员会网站;Websites of national, provincial, municipal and autonomous regional Health Commission
Jiangsu;Taizhou;http://wjw.taizhou.gov.cn/;泰州市卫生健康委员会;Taizhou Municipal Health Commussion; 国家、省、市、自治区卫生委员会网站;Websites of national, provincial, municipal and autonomous regional Health Commission
Jiangsu;Nantong;http://wjw.nantong.gov.cn/;南通市卫生健康委员会;Nantong Municipal Health Commussion; 国家、省、市、自治区卫生委员会网站;Websites of national, provincial, municipal and autonomous regional Health Commission
Jiangsu;Lianyungang;http://www.lyg.gov.cn/zglygzfmhwz/xxzx/xxzxRd.htm;连云港市人民政府;Lianyungang Municipal People's Government;国家、省、市、自治区政府网站;Websites of the governments of countries, provinces, cities and autonomous regions
Jiangsu;Yangzhou;http://wjw.yangzhou.gov.cn/;扬州市卫生健康委员会;Yangzhou Municipal Health Commussion; 国家、省、市、自治区卫生委员会网站;Websites of national, provincial, municipal and autonomous regional Health Commission
JiangXi;NanChang;http://hc.nc.gov.cn;南昌市卫生健康委员会;NanChang Municipal Health Commussion; 国家、省、市、自治区卫生委员会网站;Websites of national, provincial, municipal and autonomous regional Health Commission
JiangXi;JiuJiang;http://wjw.jiujiang.gov.cn;九江市卫生健康委员会;JiuJiang Municipal Health Commussion; 国家、省、市、自治区卫生委员会网站;Websites of national, provincial, municipal and autonomous regional Health Commission
JiangXi;PingXiang;http://wjw.pingxiang.gov.cn;萍乡市卫生健康委员会;PingXiang Municipal Health Commussion; 国家、省、市、自治区卫生委员会网站;Websites of national, provincial, municipal and autonomous regional Health Commission
JiangXi;YiChun;http://wjw.yichun.gov.cn;宜春市卫生健康委员会;YiChun Municipal Health Commussion; 国家、省、市、自治区卫生委员会网站;Websites of national, provincial, municipal and autonomous regional Health Commission
JiangXi;XinYu;;新余发布;Xinyu release;官方公众号;Weixin Official Account
JiangXi;ShangRao;http://www.srswjw.gov.cn;上饶市卫生健康委员会;ShangRao Municipal Health Commussion; 国家、省、市、自治区卫生委员会网站;Websites of national, provincial, municipal and autonomous regional Health Commission
JiangXi;GanZhou;http://wjw.ganzhou.gov.cn;赣州市卫生健康委员会;GanZhou Municipal Health Commussion; 国家、省、市、自治区卫生委员会网站;Websites of national, provincial, municipal and autonomous regional Health Commission
JiangXi;FuZhou;http://wjw.jxfz.gov.cn;抚州市卫生健康委员会;FuZhou Municipal Health Commussion; 国家、省、市、自治区卫生委员会网站;Websites of national, provincial, municipal and autonomous regional Health Commission
JiangXi;JiAn;http://wsjk.jian.gov.cn;吉安市卫生健康委员会;JiAn Municipal Health Commussion; 国家、省、市、自治区卫生委员会网站;Websites of national, provincial, municipal and autonomous regional Health Commission
JiangXi;YingTan;http://wjw.yingtan.gov.cn;鹰潭市卫生健康委员会;YingTan Municipal Health Commussion; 国家、省、市、自治区卫生委员会网站;Websites of national, provincial, municipal and autonomous regional Health Commission
JiangXi;JingDezhen;http://wsjs.jdz.gov.cn;景德镇市卫生健康委员会;JingDezhen Municipal Health Commussion; 国家、省、市、自治区卫生委员会网站;Websites of national, provincial, municipal and autonomous regional Health Commission
JiangXi;NanChang;http://hc.nc.gov.cn;南昌市卫生健康委员会;NanChang Municipal Health Commussion; 国家、省、市、自治区卫生委员会网站;Websites of national, provincial, municipal and autonomous regional Health Commission
JiangXi;JiuJiang;http://wjw.jiujiang.gov.cn;九江市卫生健康委员会;JiuJiang Municipal Health Commussion; 国家、省、市、自治区卫生委员会网站;Websites of national, provincial, municipal and autonomous regional Health Commission
JiangXi;PingXiang;http://wjw.pingxiang.gov.cn;萍乡市卫生健康委员会;PingXiang Municipal Health Commussion; 国家、省、市、自治区卫生委员会网站;Websites of national, provincial, municipal and autonomous regional Health Commission
JiangXi;YiChun;http://wjw.yichun.gov.cn;宜春市卫生健康委员会;YiChun Municipal Health Commussion; 国家、省、市、自治区卫生委员会网站;Websites of national, provincial, municipal and autonomous regional Health Commission
JiangXi;XinYu;;新余发布;Xinyu release;官方公众号;Weixin Official Account
JiangXi;ShangRao;http://www.srswjw.gov.cn;上饶市卫生健康委员会;ShangRao Municipal Health Commussion; 国家、省、市、自治区卫生委员会网站;Websites of national, provincial, municipal and autonomous regional Health Commission
JiangXi;GanZhou;http://wjw.ganzhou.gov.cn;赣州市卫生健康委员会;GanZhou Municipal Health Commussion; 国家、省、市、自治区卫生委员会网站;Websites of national, provincial, municipal and autonomous regional Health Commission
JiangXi;FuZhou;http://wjw.jxfz.gov.cn;抚州市卫生健康委员会;FuZhou Municipal Health Commussion; 国家、省、市、自治区卫生委员会网站;Websites of national, provincial, municipal and autonomous regional Health Commission
JiangXi;JiAn;http://wsjk.jian.gov.cn;吉安市卫生健康委员会;JiAn Municipal Health Commussion; 国家、省、市、自治区卫生委员会网站;Websites of national, provincial, municipal and autonomous regional Health Commission
JiangXi;YingTan;http://wjw.yingtan.gov.cn;鹰潭市卫生健康委员会;YingTan Municipal Health Commussion; 国家、省、市、自治区卫生委员会网站;Websites of national, provincial, municipal and autonomous regional Health Commission
JiangXi;JingDezhen;http://wsjs.jdz.gov.cn;景德镇市卫生健康委员会;JingDezhen Municipal Health Commussion; 国家、省、市、自治区卫生委员会网站;Websites of national, provincial, municipal and autonomous regional Health Commission
Jilin;Liaoyuan;http://wjw.liaoyuan.gov.cn;辽源市卫生健康委员会;Liaoyuan Municipal Health Commussion; 国家、省、市、自治区卫生委员会网站;Websites of national, provincial, municipal and autonomous regional Health Commission
Jilin;Liaoyuan;http://wjw.liaoyuan.gov.cn;辽源市卫生健康委员会;Liaoyuan Municipal Health Commussion; 国家、省、市、自治区卫生委员会网站;Websites of national, provincial, municipal and autonomous regional Health Commission
Liaoning;Shenyang;http://wjw.shenyang.gov.cn/;沈阳市卫生健康委员会;Shenyang Municipal Health Commussion; 国家、省、市、自治区卫生委员会网站;Websites of national, provincial, municipal and autonomous regional Health Commission
Liaoning;Dalian;http://hcod.dl.gov.cn/web/guest;大连市卫生健康委员会;Dalian Municipal Health Commussion; 国家、省、市、自治区卫生委员会网站;Websites of national, provincial, municipal and autonomous regional Health Commission
Liaoning;Jinzhou;http://wjw.jz.gov.cn/jzwswindex/photolist?id=1305;锦州市卫生健康委员会;Jinzhou Municipal Health Commussion; 国家、省、市、自治区卫生委员会网站;Websites of national, provincial, municipal and autonomous regional Health Commission
Liaoning;Huludao;http://wsjk.hld.gov.cn/;葫芦岛市卫生健康委员会;Huludao Municipal Health Commussion; 国家、省、市、自治区卫生委员会网站;Websites of national, provincial, municipal and autonomous regional Health Commission
Liaoning;Fuxin;http://www.fuxin.gov.cn/fxswsj/;阜新市卫生健康委员会;Fuxin Municipal Health Commussion; 国家、省、市、自治区卫生委员会网站;Websites of national, provincial, municipal and autonomous regional Health Commission
Liaoning;Tieling;http://wjw.tieling.gov.cn/tielingws/tzgg/index.html;铁岭市卫生健康委员会;Tieling Municipal Health Commussion; 国家、省、市、自治区卫生委员会网站;Websites of national, provincial, municipal and autonomous regional Health Commission
Liaoning;Chaoyang;http://www.zgcy.gov.cn/ZGCY/zwgk/004050/;朝阳市人民政府;Chaoyang Municipal People's Government;国家、省、市、自治区政府网站;Websites of the governments of countries, provinces, cities and autonomous regions
Liaoning;Shenyang;http://wsjk.ln.gov.cn/;辽宁省卫生健康委员会;Liaoning Provincial Health Commission; 国家、省、市、自治区卫生委员会网站;Websites of national, provincial, municipal and autonomous regional Health Commission
Liaoning;Dalian;http://wsjk.ln.gov.cn/;辽宁省卫生健康委员会;Liaoning Provincial Health Commission; 国家、省、市、自治区卫生委员会网站;Websites of national, provincial, municipal and autonomous regional Health Commission
Liaoning;Anshan;http://wsjk.ln.gov.cn/;辽宁省卫生健康委员会;Liaoning Provincial Health Commission; 国家、省、市、自治区卫生委员会网站;Websites of national, provincial, municipal and autonomous regional Health Commission
Liaoning;Benxi;http://wsjk.ln.gov.cn/;辽宁省卫生健康委员会;Liaoning Provincial Health Commission; 国家、省、市、自治区卫生委员会网站;Websites of national, provincial, municipal and autonomous regional Health Commission
Liaoning;Dandong;http://wsjk.ln.gov.cn/;辽宁省卫生健康委员会;Liaoning Provincial Health Commission; 国家、省、市、自治区卫生委员会网站;Websites of national, provincial, municipal and autonomous regional Health Commission
Liaoning;Jinzhou;http://wsjk.ln.gov.cn/;辽宁省卫生健康委员会;Liaoning Provincial Health Commission; 国家、省、市、自治区卫生委员会网站;Websites of national, provincial, municipal and autonomous regional Health Commission
Liaoning;Yingkou;http://wsjk.ln.gov.cn/;辽宁省卫生健康委员会;Liaoning Provincial Health Commission; 国家、省、市、自治区卫生委员会网站;Websites of national, provincial, municipal and autonomous regional Health Commission
Liaoning;Fuxin;http://wsjk.ln.gov.cn/;辽宁省卫生健康委员会;Liaoning Provincial Health Commission; 国家、省、市、自治区卫生委员会网站;Websites of national, provincial, municipal and autonomous regional Health Commission
Liaoning;Liaoyang;http://wsjk.ln.gov.cn/;辽宁省卫生健康委员会;Liaoning Provincial Health Commission; 国家、省、市、自治区卫生委员会网站;Websites of national, provincial, municipal and autonomous regional Health Commission
Liaoning;Tieling;http://wsjk.ln.gov.cn/;辽宁省卫生健康委员会;Liaoning Provincial Health Commission; 国家、省、市、自治区卫生委员会网站;Websites of national, provincial, municipal and autonomous regional Health Commission
Liaoning;Chaoyang;http://wsjk.ln.gov.cn/;辽宁省卫生健康委员会;Liaoning Provincial Health Commission; 国家、省、市、自治区卫生委员会网站;Websites of national, provincial, municipal and autonomous regional Health Commission
Liaoning;Panjin;http://wsjk.ln.gov.cn/;辽宁省卫生健康委员会;Liaoning Provincial Health Commission; 国家、省、市、自治区卫生委员会网站;Websites of national, provincial, municipal and autonomous regional Health Commission
Liaoning;Huludao;http://wsjk.ln.gov.cn/;辽宁省卫生健康委员会;Liaoning Provincial Health Commission; 国家、省、市、自治区卫生委员会网站;Websites of national, provincial, municipal and autonomous regional Health Commission
Liaoning;Shenyang;http://wjw.shenyang.gov.cn/;沈阳市卫生健康委员会;Shenyang Municipal Health Commussion; 国家、省、市、自治区卫生委员会网站;Websites of national, provincial, municipal and autonomous regional Health Commission
Liaoning;Dalian;http://hcod.dl.gov.cn/web/guest;大连市卫生健康委员会;Dalian Municipal Health Commussion; 国家、省、市、自治区卫生委员会网站;Websites of national, provincial, municipal and autonomous regional Health Commission
Liaoning;Jinzhou;http://wjw.jz.gov.cn/jzwswindex/photolist?id=1305;锦州市卫生健康委员会;Jinzhou Municipal Health Commussion; 国家、省、市、自治区卫生委员会网站;Websites of national, provincial, municipal and autonomous regional Health Commission
Liaoning;Huludao;http://wsjk.hld.gov.cn/;葫芦岛市卫生健康委员会;Huludao Municipal Health Commussion; 国家、省、市、自治区卫生委员会网站;Websites of national, provincial, municipal and autonomous regional Health Commission
Liaoning;Fuxin;http://www.fuxin.gov.cn/fxswsj/;阜新市卫生健康委员会;Fuxin Municipal Health Commussion; 国家、省、市、自治区卫生委员会网站;Websites of national, provincial, municipal and autonomous regional Health Commission
Liaoning;Tieling;http://wjw.tieling.gov.cn/tielingws/tzgg/index.html;铁岭市卫生健康委员会;Tieling Municipal Health Commussion; 国家、省、市、自治区卫生委员会网站;Websites of national, provincial, municipal and autonomous regional Health Commission
Liaoning;Chaoyang;http://www.zgcy.gov.cn/ZGCY/zwgk/004050/;朝阳市人民政府;Chaoyang Municipal People's Government;国家、省、市、自治区政府网站;Websites of the governments of countries, provinces, cities and autonomous regions
Neimenggu;huhehaote;http://wjw.nmg.gov.cn/;内蒙古自治区卫生健康委员会;Neimenggu Municipal Health Commussion; 国家、省、市、自治区卫生委员会网站;Websites of national, provincial, municipal and autonomous regional Health Commission
Neimenggu;Baotou;http://wjw.nmg.gov.cn/;内蒙古自治区卫生健康委员会;Neimenggu Municipal Health Commussion; 国家、省、市、自治区卫生委员会网站;Websites of national, provincial, municipal and autonomous regional Health Commission
Neimenggu;Hulunbeier;http://wjw.nmg.gov.cn/;内蒙古自治区卫生健康委员会;Neimenggu Municipal Health Commussion; 国家、省、市、自治区卫生委员会网站;Websites of national, provincial, municipal and autonomous regional Health Commission
Neimenggu;Xinganmeng;http://wjw.nmg.gov.cn/;内蒙古自治区卫生健康委员会;Neimenggu Municipal Health Commussion; 国家、省、市、自治区卫生委员会网站;Websites of national, provincial, municipal and autonomous regional Health Commission
Neimenggu;Tongliao;http://wjw.nmg.gov.cn/;内蒙古自治区卫生健康委员会;Neimenggu Municipal Health Commussion; 国家、省、市、自治区卫生委员会网站;Websites of national, provincial, municipal and autonomous regional Health Commission
Neimenggu;Chifeng;http://wjw.nmg.gov.cn/;内蒙古自治区卫生健康委员会;Neimenggu Municipal Health Commussion; 国家、省、市、自治区卫生委员会网站;Websites of national, provincial, municipal and autonomous regional Health Commission
Neimenggu;Xilinguolemeng;http://wjw.nmg.gov.cn/;内蒙古自治区卫生健康委员会;Neimenggu Municipal Health Commussion; 国家、省、市、自治区卫生委员会网站;Websites of national, provincial, municipal and autonomous regional Health Commission
Neimenggu;Wulanchabu;http://wjw.nmg.gov.cn/;内蒙古自治区卫生健康委员会;Neimenggu Municipal Health Commussion; 国家、省、市、自治区卫生委员会网站;Websites of national, provincial, municipal and autonomous regional Health Commission
Neimenggu;Eerduosi;http://wjw.nmg.gov.cn/;内蒙古自治区卫生健康委员会;Neimenggu Municipal Health Commussion; 国家、省、市、自治区卫生委员会网站;Websites of national, provincial, municipal and autonomous regional Health Commission
Neimenggu;Bayannaoer;http://wjw.nmg.gov.cn/;内蒙古自治区卫生健康委员会;Neimenggu Municipal Health Commussion; 国家、省、市、自治区卫生委员会网站;Websites of national, provincial, municipal and autonomous regional Health Commission
Neimenggu;Wuhai;http://wjw.nmg.gov.cn/;内蒙古自治区卫生健康委员会;Neimenggu Municipal Health Commussion; 国家、省、市、自治区卫生委员会网站;Websites of national, provincial, municipal and autonomous regional Health Commission
Shaanxi;Xi'an;http://sxwjw.shaanxi.gov.cn/;陕西省卫生健康委员会;Shaanxi Provincial Health Commission; 国家、省、市、自治区卫生委员会网站;Websites of national, provincial, municipal and autonomous regional Health Commission
Shaanxi;Weinan;http://sxwjw.shaanxi.gov.cn/;陕西省卫生健康委员会;Shaanxi Provincial Health Commission; 国家、省、市、自治区卫生委员会网站;Websites of national, provincial, municipal and autonomous regional Health Commission
Shaanxi;Yulin;http://sxwjw.shaanxi.gov.cn/;陕西省卫生健康委员会;Shaanxi Provincial Health Commission; 国家、省、市、自治区卫生委员会网站;Websites of national, provincial, municipal and autonomous regional Health Commission
Shaanxi;Baoji;http://sxwjw.shaanxi.gov.cn/;陕西省卫生健康委员会;Shaanxi Provincial Health Commission; 国家、省、市、自治区卫生委员会网站;Websites of national, provincial, municipal and autonomous regional Health Commission
Shaanxi;Shangluo;http://sxwjw.shaanxi.gov.cn/;陕西省卫生健康委员会;Shaanxi Provincial Health Commission; 国家、省、市、自治区卫生委员会网站;Websites of national, provincial, municipal and autonomous regional Health Commission
Shaanxi;Hanzhong;http://sxwjw.shaanxi.gov.cn/;陕西省卫生健康委员会;Shaanxi Provincial Health Commission; 国家、省、市、自治区卫生委员会网站;Websites of national, provincial, municipal and autonomous regional Health Commission
Shaanxi;Tongchuan;http://sxwjw.shaanxi.gov.cn/;陕西省卫生健康委员会;Shaanxi Provincial Health Commission; 国家、省、市、自治区卫生委员会网站;Websites of national, provincial, municipal and autonomous regional Health Commission
Shaanxi;Xianyang;http://sxwjw.shaanxi.gov.cn/;陕西省卫生健康委员会;Shaanxi Provincial Health Commission; 国家、省、市、自治区卫生委员会网站;Websites of national, provincial, municipal and autonomous regional Health Commission
Shaanxi;Xi'an;http://sxwjw.shaanxi.gov.cn/;陕西省卫生健康委员会;Shaanxi Province Health Commussion; 国家、省、市、自治区卫生委员会网站;Websites of national, provincial, municipal and autonomous regional Health Commission
Shaanxi;Weinan;http://sxwjw.shaanxi.gov.cn/;陕西省卫生健康委员会;Shaanxi Province Health Commussion; 国家、省、市、自治区卫生委员会网站;Websites of national, provincial, municipal and autonomous regional Health Commission
Shaanxi;Yulin;http://sxwjw.shaanxi.gov.cn/;陕西省卫生健康委员会;Shaanxi Province Health Commussion; 国家、省、市、自治区卫生委员会网站;Websites of national, provincial, municipal and autonomous regional Health Commission
Shaanxi;Baoji;http://sxwjw.shaanxi.gov.cn/;陕西省卫生健康委员会;Shaanxi Province Health Commussion; 国家、省、市、自治区卫生委员会网站;Websites of national, provincial, municipal and autonomous regional Health Commission
Shaanxi;Shangluo;http://sxwjw.shaanxi.gov.cn/;陕西省卫生健康委员会;Shaanxi Province Health Commussion; 国家、省、市、自治区卫生委员会网站;Websites of national, provincial, municipal and autonomous regional Health Commission
Shaanxi;Hanzhong;http://sxwjw.shaanxi.gov.cn/;陕西省卫生健康委员会;Shaanxi Province Health Commussion; 国家、省、市、自治区卫生委员会网站;Websites of national, provincial, municipal and autonomous regional Health Commission
Shaanxi;Tongchuan;http://sxwjw.shaanxi.gov.cn/;陕西省卫生健康委员会;Shaanxi Province Health Commussion; 国家、省、市、自治区卫生委员会网站;Websites of national, provincial, municipal and autonomous regional Health Commission
Shaanxi;Xianyang;http://sxwjw.shaanxi.gov.cn/;陕西省卫生健康委员会;Shaanxi Province Health Commussion; 国家、省、市、自治区卫生委员会网站;Websites of national, provincial, municipal and autonomous regional Health Commission
Shaanxi;Xi'an;http://sxwjw.shaanxi.gov.cn/;陕西省卫生健康委员会;Shaanxi Provincial Health Commission; 国家、省、市、自治区卫生委员会网站;Websites of national, provincial, municipal and autonomous regional Health Commission
Shaanxi;Weinan;http://sxwjw.shaanxi.gov.cn/;陕西省卫生健康委员会;Shaanxi Provincial Health Commission; 国家、省、市、自治区卫生委员会网站;Websites of national, provincial, municipal and autonomous regional Health Commission
Shaanxi;Yulin;http://sxwjw.shaanxi.gov.cn/;陕西省卫生健康委员会;Shaanxi Provincial Health Commission; 国家、省、市、自治区卫生委员会网站;Websites of national, provincial, municipal and autonomous regional Health Commission
Shaanxi;Baoji;http://sxwjw.shaanxi.gov.cn/;陕西省卫生健康委员会;Shaanxi Provincial Health Commission; 国家、省、市、自治区卫生委员会网站;Websites of national, provincial, municipal and autonomous regional Health Commission
Shaanxi;Shangluo;http://sxwjw.shaanxi.gov.cn/;陕西省卫生健康委员会;Shaanxi Provincial Health Commission; 国家、省、市、自治区卫生委员会网站;Websites of national, provincial, municipal and autonomous regional Health Commission
Shaanxi;Hanzhong;http://sxwjw.shaanxi.gov.cn/;陕西省卫生健康委员会;Shaanxi Provincial Health Commission; 国家、省、市、自治区卫生委员会网站;Websites of national, provincial, municipal and autonomous regional Health Commission
Shaanxi;Tongchuan;http://sxwjw.shaanxi.gov.cn/;陕西省卫生健康委员会;Shaanxi Provincial Health Commission; 国家、省、市、自治区卫生委员会网站;Websites of national, provincial, municipal and autonomous regional Health Commission
Shaanxi;Xianyang;http://sxwjw.shaanxi.gov.cn/;陕西省卫生健康委员会;Shaanxi Provincial Health Commission; 国家、省、市、自治区卫生委员会网站;Websites of national, provincial, municipal and autonomous regional Health Commission
Shandong;Jinan;http://jnmhc.jinan.gov.cn/col/col50360/index.html;济南市卫生健康委员会;Jinan Municipal Health Commussion; 国家、省、市、自治区卫生委员会网站;Websites of national, provincial, municipal and autonomous regional Health Commission
Shandong;Qingdao;http://wsjsw.qingdao.gov.cn/;青岛市卫生健康委员会;Qingdao Municipal Health Commussion; 国家、省、市、自治区卫生委员会网站;Websites of national, provincial, municipal and autonomous regional Health Commission
Shandong;Jining;http://wjw.jining.gov.cn/;济宁市卫生健康委员会;Jining Municipal Health Commussion; 国家、省、市、自治区卫生委员会网站;Websites of national, provincial, municipal and autonomous regional Health Commission
Shandong;Liaocheng;http://wjw.liaocheng.gov.cn/;聊城市卫计委;Liaocheng Municipal Health Commussion; 国家、省、市、自治区卫生委员会网站;Websites of national, provincial, municipal and autonomous regional Health Commission
Shandong;Linyi;http://wsjsw.linyi.gov.cn/;临沂市卫生健康委员会;Linyi Municipal Health Commussion; 国家、省、市、自治区卫生委员会网站;Websites of national, provincial, municipal and autonomous regional Health Commission
Shandong;Rizhao;http://wsjkw.rizhao.gov.cn/;日照市卫生健康委员会;Rizhao Municipal Health Commussion; 国家、省、市、自治区卫生委员会网站;Websites of national, provincial, municipal and autonomous regional Health Commission
Shandong;Taian;http://wjw.taian.gov.cn/;泰安市卫生健康委员会;Taian Municipal Health Commussion; 国家、省、市、自治区卫生委员会网站;Websites of national, provincial, municipal and autonomous regional Health Commission
Shandong;Binzhou;http://wjw.binzhou.gov.cn/zhengwu/class/;滨州市卫生健康委员会;Binzhou Municipal Health Commussion; 国家、省、市、自治区卫生委员会网站;Websites of national, provincial, municipal and autonomous regional Health Commission
Shandong;Dezhou;http://dzwjw.dezhou.gov.cn/n916627/index.html;德州市卫生健康委员会;Dezhou Municipal Health Commussion; 国家、省、市、自治区卫生委员会网站;Websites of national, provincial, municipal and autonomous regional Health Commission
Shandong;Zibo;http://ws.zibo.gov.cn/col/col814/index.html;淄博市卫生健康委员会;Zibo Municipal Health Commussion; 国家、省、市、自治区卫生委员会网站;Websites of national, provincial, municipal and autonomous regional Health Commission
Shandong;Heze;http://hzswsjkw.heze.gov.cn/col/col119712/index.html;菏泽市卫生健康委员会;Heze Municipal Health Commussion; 国家、省、市、自治区卫生委员会网站;Websites of national, provincial, municipal and autonomous regional Health Commission
Shandong;Weihai;http://wsjkw.weihai.gov.cn/;威海市卫生健康委员会;Weihai Municipal Health Commussion; 国家、省、市、自治区卫生委员会网站;Websites of national, provincial, municipal and autonomous regional Health Commission
Shandong;Weifang;http://wsjkw.weifang.gov.cn/;潍坊市卫生健康委员会;Weifang Municipal Health Commussion; 国家、省、市、自治区卫生委员会网站;Websites of national, provincial, municipal and autonomous regional Health Commission
Shandong;Zaozhuang;http://wsjkw.zaozhuang.gov.cn/;枣庄市卫生健康委员会;Zaozhuang Municipal Health Commussion; 国家、省、市、自治区卫生委员会网站;Websites of national, provincial, municipal and autonomous regional Health Commission
Shandong;Jinan;http://jnmhc.jinan.gov.cn/col/col50360/index.html;济南市卫生健康委员会;Jinan Municipal Health Commission; 国家、省、市、自治区卫生委员会网站;Websites of national, provincial, municipal and autonomous regional Health Commission
Shandong;Qingdao;http://wsjsw.qingdao.gov.cn/;青岛市卫生健康委员会;Qingdao Municipal Health Commission; 国家、省、市、自治区卫生委员会网站;Websites of national, provincial, municipal and autonomous regional Health Commission
Shandong;Jining;http://wjw.jining.gov.cn/;济宁市卫生健康委员会;Jining Municipal Health Commission; 国家、省、市、自治区卫生委员会网站;Websites of national, provincial, municipal and autonomous regional Health Commission
Shandong;Liaocheng;http://wjw.liaocheng.gov.cn/;聊城市卫计委;Liaocheng Health and Family Planning Commission; 国家、省、市、自治区卫生委员会网站;Websites of national, provincial, municipal and autonomous regional Health Commission
Shandong;Linyi;http://wsjsw.linyi.gov.cn/;临沂市卫生健康委员会;Linyi Municipal Health Commission; 国家、省、市、自治区卫生委员会网站;Websites of national, provincial, municipal and autonomous regional Health Commission
Shandong;Rizhao;http://wsjkw.rizhao.gov.cn/;日照市卫生健康委员会;Rizhao Municipal Health Commission; 国家、省、市、自治区卫生委员会网站;Websites of national, provincial, municipal and autonomous regional Health Commission
Shandong;Taian;http://wjw.taian.gov.cn/;泰安市卫生健康委员会;Tai'an Municipal Health Committee; 国家、省、市、自治区卫生委员会网站;Websites of national, provincial, municipal and autonomous regional Health Commission
Shandong;Binzhou;http://wjw.binzhou.gov.cn/zhengwu/class/;滨州市卫生健康委员会;Binzhou Municipal Health Commission; 国家、省、市、自治区卫生委员会网站;Websites of national, provincial, municipal and autonomous regional Health Commission
Shandong;Dezhou;http://dzwjw.dezhou.gov.cn/n916627/index.html;德州市卫生健康委员会;Dezhou Municipal Health Commission; 国家、省、市、自治区卫生委员会网站;Websites of national, provincial, municipal and autonomous regional Health Commission
Shandong;Zibo;http://ws.zibo.gov.cn/col/col814/index.html;淄博市卫生健康委员会;Zibo Municipal Health Commission; 国家、省、市、自治区卫生委员会网站;Websites of national, provincial, municipal and autonomous regional Health Commission
Shandong;Heze;http://hzswsjkw.heze.gov.cn/col/col119712/index.html;菏泽市卫生健康委员会;Heze Municipal Health Commission; 国家、省、市、自治区卫生委员会网站;Websites of national, provincial, municipal and autonomous regional Health Commission
Shandong;Weihai;http://wsjkw.weihai.gov.cn/;威海市卫生健康委员会;Weihai Municipal Health Commission; 国家、省、市、自治区卫生委员会网站;Websites of national, provincial, municipal and autonomous regional Health Commission
Shandong;Weifang;http://wsjkw.weifang.gov.cn/;潍坊市卫生健康委员会;Weifang Municipal Health Commission; 国家、省、市、自治区卫生委员会网站;Websites of national, provincial, municipal and autonomous regional Health Commission
Shandong;Zaozhuang;http://wsjkw.zaozhuang.gov.cn/;枣庄市卫生健康委员会;Zaozhuang Municipal Health Commission; 国家、省、市、自治区卫生委员会网站;Websites of national, provincial, municipal and autonomous regional Health Commission
Shandong;Jinan;http://jnmhc.jinan.gov.cn/col/col50360/index.html;济南市卫生健康委员会;Jinan Municipal Health Commussion; 国家、省、市、自治区卫生委员会网站;Websites of national, provincial, municipal and autonomous regional Health Commission
Shandong;Qingdao;http://wsjsw.qingdao.gov.cn/;青岛市卫生健康委员会;Qingdao Municipal Health Commussion; 国家、省、市、自治区卫生委员会网站;Websites of national, provincial, municipal and autonomous regional Health Commission
Shandong;Jining;http://wjw.jining.gov.cn/;济宁市卫生健康委员会;Jining Municipal Health Commussion; 国家、省、市、自治区卫生委员会网站;Websites of national, provincial, municipal and autonomous regional Health Commission
Shandong;Liaocheng;http://wjw.liaocheng.gov.cn/;聊城市卫计委;Liaocheng Municipal Health Commussion; 国家、省、市、自治区卫生委员会网站;Websites of national, provincial, municipal and autonomous regional Health Commission
Shandong;Linyi;http://wsjsw.linyi.gov.cn/;临沂市卫生健康委员会;Linyi Municipal Health Commussion; 国家、省、市、自治区卫生委员会网站;Websites of national, provincial, municipal and autonomous regional Health Commission
Shandong;Rizhao;http://wsjkw.rizhao.gov.cn/;日照市卫生健康委员会;Rizhao Municipal Health Commussion; 国家、省、市、自治区卫生委员会网站;Websites of national, provincial, municipal and autonomous regional Health Commission
Shandong;Taian;http://wjw.taian.gov.cn/;泰安市卫生健康委员会;Taian Municipal Health Commussion; 国家、省、市、自治区卫生委员会网站;Websites of national, provincial, municipal and autonomous regional Health Commission
Shandong;Binzhou;http://wjw.binzhou.gov.cn/zhengwu/class/;滨州市卫生健康委员会;Binzhou Municipal Health Commussion; 国家、省、市、自治区卫生委员会网站;Websites of national, provincial, municipal and autonomous regional Health Commission
Shandong;Dezhou;http://dzwjw.dezhou.gov.cn/n916627/index.html;德州市卫生健康委员会;Dezhou Municipal Health Commussion; 国家、省、市、自治区卫生委员会网站;Websites of national, provincial, municipal and autonomous regional Health Commission
Shandong;Zibo;http://ws.zibo.gov.cn/col/col814/index.html;淄博市卫生健康委员会;Zibo Municipal Health Commussion; 国家、省、市、自治区卫生委员会网站;Websites of national, provincial, municipal and autonomous regional Health Commission
Shandong;Heze;http://hzswsjkw.heze.gov.cn/col/col119712/index.html;菏泽市卫生健康委员会;Heze Municipal Health Commussion; 国家、省、市、自治区卫生委员会网站;Websites of national, provincial, municipal and autonomous regional Health Commission
Shandong;Weihai;http://wsjkw.weihai.gov.cn/;威海市卫生健康委员会;Weihai Municipal Health Commussion; 国家、省、市、自治区卫生委员会网站;Websites of national, provincial, municipal and autonomous regional Health Commission
Shandong;Weifang;http://wsjkw.weifang.gov.cn/;潍坊市卫生健康委员会;Weifang Municipal Health Commussion; 国家、省、市、自治区卫生委员会网站;Websites of national, provincial, municipal and autonomous regional Health Commission
Shandong;Zaozhuang;http://wsjkw.zaozhuang.gov.cn/;枣庄市卫生健康委员会;Zaozhuang Municipal Health Commussion; 国家、省、市、自治区卫生委员会网站;Websites of national, provincial, municipal and autonomous regional Health Commission
ShanXi;ShanXi;http://wjw.shanxi.gov.cn;山西省卫生健康委员会;Shanxi Provincial Health Commission; 国家、省、市、自治区卫生委员会网站;Websites of national, provincial, municipal and autonomous regional Health Commission
ShanXi;ShanXi;http://wjw.shanxi.gov.cn;山西省卫生健康委员会;Shanxi Provincial Health Commission; 国家、省、市、自治区卫生委员会网站;Websites of national, provincial, municipal and autonomous regional Health Commission
Sichuan;Chengdu;http://cdwjw.chengdu.gov.cn/cdwjw/c135632/yqbd.shtml;成都市卫生健康委员会;Chengdu Municipal Health Commission; 国家、省、市、自治区卫生委员会网站;Websites of national, provincial, municipal and autonomous regional Health Commission
Sichuan;Bazhong;http://wsjkw.cnbz.gov.cn/index.html;巴中市卫生健康委员会;Bazhong Municipal Health Commission; 国家、省、市、自治区卫生委员会网站;Websites of national, provincial, municipal and autonomous regional Health Commission
Sichuan;Deyang;https://wjw.deyang.gov.cn/;德阳市卫生健康委员会;Deyang Municipal Health Commission; 国家、省、市、自治区卫生委员会网站;Websites of national, provincial, municipal and autonomous regional Health Commission
Sichuan;Ganzi;http://wjw.gzz.gov.cn/;甘孜藏族自治州卫生健康委员会;Ganzi Tibetan Autonomous Prefecture Health Commission; 国家、省、市、自治区卫生委员会网站;Websites of national, provincial, municipal and autonomous regional Health Commission
Sichuan;Guang'an;http://wjw.guang-an.gov.cn/;广安市卫生健康委员会;Guangan Municipal Health Commission; 国家、省、市、自治区卫生委员会网站;Websites of national, provincial, municipal and autonomous regional Health Commission
Sichuan;Leshan;http://swjj.leshan.gov.cn;乐山市卫生健康委员会;Leshan Municipal Health Commission; 国家、省、市、自治区卫生委员会网站;Websites of national, provincial, municipal and autonomous regional Health Commission
Sichuan;Liangshan;http://wjw.lsz.gov.cn/;凉山彝族自治州卫生健康委员会;Liangshan Yi Autonomous Prefecture  Health Commission; 国家、省、市、自治区卫生委员会网站;Websites of national, provincial, municipal and autonomous regional Health Commission
Sichuan;Luzhou;https://weibo.com/luzhouzhengwu;泸州市政府新闻办公室官方微博;Official Weibo of Luzhou Municipal Government Information Office;官方微博;Official Weibo
Sichuan;Nanchong;http://wsjsw.nanchong.gov.cn;南充市卫生健康委员会;Nanchong Municipal Health Commussion; 国家、省、市、自治区卫生委员会网站;Websites of national, provincial, municipal and autonomous regional Health Commission
Sichuan;Neijiang;http://wsj.neijiang.gov.cn/;内江市卫生健康委员会;Neijiang Municipal Health Commussion; 国家、省、市、自治区卫生委员会网站;Websites of national, provincial, municipal and autonomous regional Health Commission
Sichuan;Panzhihua;http://wjw.panzhihua.gov.cn/;攀枝花市卫生健康委员会;Panzhihua Municipal Health Commussion; 国家、省、市、自治区卫生委员会网站;Websites of national, provincial, municipal and autonomous regional Health Commission
Sichuan;Suining;http://swjw.suining.gov.cn/home;遂宁市卫生健康委员会;Suining Municipal Health Commussion; 国家、省、市、自治区卫生委员会网站;Websites of national, provincial, municipal and autonomous regional Health Commission
Sichuan;Chengdu;http://cdwjw.chengdu.gov.cn/cdwjw/c135632/yqbd.shtml;成都市卫生健康委员会;Chengdu Municipal Health Commission; 国家、省、市、自治区卫生委员会网站;Websites of national, provincial, municipal and autonomous regional Health Commission
Sichuan;Bazhong;http://wsjkw.cnbz.gov.cn/index.html;巴中市卫生健康委员会;Bazhong Municipal Health Commission; 国家、省、市、自治区卫生委员会网站;Websites of national, provincial, municipal and autonomous regional Health Commission
Sichuan;Deyang;https://wjw.deyang.gov.cn/;德阳市卫生健康委员会;Deyang Municipal Health Commission; 国家、省、市、自治区卫生委员会网站;Websites of national, provincial, municipal and autonomous regional Health Commission
Sichuan;Ganzi;http://wjw.gzz.gov.cn/;甘孜藏族自治州卫生健康委员会;Ganzi Tibetan Autonomous Prefecture Health Commission; 国家、省、市、自治区卫生委员会网站;Websites of national, provincial, municipal and autonomous regional Health Commission
Sichuan;Guang'an;http://wjw.guang-an.gov.cn/;广安市卫生健康委员会;Guangan Municipal Health Commission; 国家、省、市、自治区卫生委员会网站;Websites of national, provincial, municipal and autonomous regional Health Commission
Sichuan;Leshan;http://swjj.leshan.gov.cn;乐山市卫生健康委员会;Leshan Municipal Health Commission; 国家、省、市、自治区卫生委员会网站;Websites of national, provincial, municipal and autonomous regional Health Commission
Sichuan;Liangshan;http://wjw.lsz.gov.cn/;凉山彝族自治州卫生健康委员会;Liangshan Yi Autonomous Prefecture  Health Commission; 国家、省、市、自治区卫生委员会网站;Websites of national, provincial, municipal and autonomous regional Health Commission
Sichuan;Luzhou;https://weibo.com/luzhouzhengwu;泸州市政府新闻办公室官方微博;Official Weibo of Luzhou Municipal Government Information Office;官方微博;Official Weibo
Sichuan;Nanchong;http://wsjsw.nanchong.gov.cn;南充市卫生健康委员会;Nanchong Municipal Health Commussion; 国家、省、市、自治区卫生委员会网站;Websites of national, provincial, municipal and autonomous regional Health Commission
Sichuan;Neijiang;http://wsj.neijiang.gov.cn/;内江市卫生健康委员会;Neijiang Municipal Health Commussion; 国家、省、市、自治区卫生委员会网站;Websites of national, provincial, municipal and autonomous regional Health Commission
Sichuan;Panzhihua;http://wjw.panzhihua.gov.cn/;攀枝花市卫生健康委员会;Panzhihua Municipal Health Commussion; 国家、省、市、自治区卫生委员会网站;Websites of national, provincial, municipal and autonomous regional Health Commission
Sichuan;Suining;http://swjw.suining.gov.cn/home;遂宁市卫生健康委员会;Suining Municipal Health Commussion; 国家、省、市、自治区卫生委员会网站;Websites of national, provincial, municipal and autonomous regional Health Commission
Tianjin;Tianjin;http://wsjk.tj.gov.cn/;天津卫生健康委员会;Tianjin Municipal Health Commission; 国家、省、市、自治区卫生委员会网站;Websites of national, provincial, municipal and autonomous regional Health Commission
Tianjin;Tianjin;http://wsjk.tj.gov.cn/;天津卫生健康委员会;Tianjin Municipal Health Commission; 国家、省、市、自治区卫生委员会网站;Websites of national, provincial, municipal and autonomous regional Health Commission
Xizang;Xizang;http://wjw.xizang.gov.cn/xwzx/wsjkdt/;西藏自治区卫生健康委员会;Health Committee of Tibet Autonomous Region; 国家、省、市、自治区卫生委员会网站;Websites of national, provincial, municipal and autonomous regional Health Commission
Yunnan;Yuxi;ynswsjkw.yn.gov.cn;云南省卫生健康委员会;Yuxi Municipal Health Commussion; 国家、省、市、自治区卫生委员会网站;Websites of national, provincial, municipal and autonomous regional Health Commission
Yunnan;Kunming;http://ynswsjkw.yn.gov.cn/wjwWebsite/web/index;云南省卫生健康委员会;Health Commission of Yunnan Province; 国家、省、市、自治区卫生委员会网站;Websites of national, provincial, municipal and autonomous regional Health Commission
Yunnan;Zhaotong;http://ynswsjkw.yn.gov.cn/wjwWebsite/web/index;云南省卫生健康委员会;Health Commission of Yunnan Province; 国家、省、市、自治区卫生委员会网站;Websites of national, provincial, municipal and autonomous regional Health Commission
Yunnan;Xishuangbanna;http://ynswsjkw.yn.gov.cn/wjwWebsite/web/index;云南省卫生健康委员会;Health Commission of Yunnan Province; 国家、省、市、自治区卫生委员会网站;Websites of national, provincial, municipal and autonomous regional Health Commission
Yunnan;Yuxi;http://ynswsjkw.yn.gov.cn/wjwWebsite/web/index;云南省卫生健康委员会;Health Commission of Yunnan Province; 国家、省、市、自治区卫生委员会网站;Websites of national, provincial, municipal and autonomous regional Health Commission
Yunnan;Qujing;http://ynswsjkw.yn.gov.cn/wjwWebsite/web/index;云南省卫生健康委员会;Health Commission of Yunnan Province; 国家、省、市、自治区卫生委员会网站;Websites of national, provincial, municipal and autonomous regional Health Commission
Yunnan;Dali;http://ynswsjkw.yn.gov.cn/wjwWebsite/web/index;云南省卫生健康委员会;Health Commission of Yunnan Province; 国家、省、市、自治区卫生委员会网站;Websites of national, provincial, municipal and autonomous regional Health Commission
Yunnan;Baoshan;http://ynswsjkw.yn.gov.cn/wjwWebsite/web/index;云南省卫生健康委员会;Health Commission of Yunnan Province; 国家、省、市、自治区卫生委员会网站;Websites of national, provincial, municipal and autonomous regional Health Commission
Yunnan;Honghe;http://ynswsjkw.yn.gov.cn/wjwWebsite/web/index;云南省卫生健康委员会;Health Commission of Yunnan Province; 国家、省、市、自治区卫生委员会网站;Websites of national, provincial, municipal and autonomous regional Health Commission
Yunnan;Lijiang;http://ynswsjkw.yn.gov.cn/wjwWebsite/web/index;云南省卫生健康委员会;Health Commission of Yunnan Province; 国家、省、市、自治区卫生委员会网站;Websites of national, provincial, municipal and autonomous regional Health Commission
Yunnan;Dehong;http://ynswsjkw.yn.gov.cn/wjwWebsite/web/index;云南省卫生健康委员会;Health Commission of Yunnan Province; 国家、省、市、自治区卫生委员会网站;Websites of national, provincial, municipal and autonomous regional Health Commission
Yunnan;Chuxiong;http://ynswsjkw.yn.gov.cn/wjwWebsite/web/index;云南省卫生健康委员会;Health Commission of Yunnan Province; 国家、省、市、自治区卫生委员会网站;Websites of national, provincial, municipal and autonomous regional Health Commission
Yunnan;Puer;http://ynswsjkw.yn.gov.cn/wjwWebsite/web/index;云南省卫生健康委员会;Health Commission of Yunnan Province; 国家、省、市、自治区卫生委员会网站;Websites of national, provincial, municipal and autonomous regional Health Commission
Yunnan;Wenshan;http://ynswsjkw.yn.gov.cn/wjwWebsite/web/index;云南省卫生健康委员会;Health Commission of Yunnan Province; 国家、省、市、自治区卫生委员会网站;Websites of national, provincial, municipal and autonomous regional Health Commission
Yunnan;Linchang;http://ynswsjkw.yn.gov.cn/wjwWebsite/web/index;云南省卫生健康委员会;Health Commission of Yunnan Province; 国家、省、市、自治区卫生委员会网站;Websites of national, provincial, municipal and autonomous regional Health Commission
Yunnan;Yuxi;ynswsjkw.yn.gov.cn;云南省卫生健康委员会;Yuxi Municipal Health Commussion; 国家、省、市、自治区卫生委员会网站;Websites of national, provincial, municipal and autonomous regional Health Commission
Zhejiang;Jiaxing;http://wsjkw.jiaxing.gov.cn/;嘉兴市卫生健康委员会;Jiaxing Municipal Health Commussion; 国家、省、市、自治区卫生委员会网站;Websites of national, provincial, municipal and autonomous regional Health Commission
Zhejiang;Lishui;http://wsjsw.lishui.gov.cn/;丽水市卫生健康委员会;Lishui Municipal Health Commussion; 国家、省、市、自治区卫生委员会网站;Websites of national, provincial, municipal and autonomous regional Health Commission
Zhejiang;Jiaxing;http://wsjkw.jiaxing.gov.cn/;嘉兴市卫生健康委员会;Jiaxing Municipal Health Commussion; 国家、省、市、自治区卫生委员会网站;Websites of national, provincial, municipal and autonomous regional Health Commission
Zhejiang;Lishui;http://wsjsw.lishui.gov.cn/;丽水市卫生健康委员会;Lishui Municipal Health Commussion; 国家、省、市、自治区卫生委员会网站;Websites of national, provincial, municipal and autonomous regional Health Commission
Zhejiang;Hangzhou;http://wsjkw.hangzhou.gov.cn/;杭州市卫生健康委员会;Hangzhou Municipal Health Commussion; 国家、省、市、自治区卫生委员会网站;Websites of national, provincial, municipal and autonomous regional Health Commission
Zhejiang;Huzhou;http://www.hzjk.com/home.do?method=index;湖州市卫生健康委员会;Huzhou Municipal Health Commussion; 国家、省、市、自治区卫生委员会网站;Websites of national, provincial, municipal and autonomous regional Health Commission
Zhejiang;Ningbo;http://www.nbwjw.gov.cn/;宁波市卫生健康委员会;Ningbo Municipal Health Commussion; 国家、省、市、自治区卫生委员会网站;Websites of national, provincial, municipal and autonomous regional Health Commission
Zhejiang;Wenzhou;http://wjw.wenzhou.gov.cn/;温州市卫生健康委员会;Wenzhou  Municipal Health Commussion; 国家、省、市、自治区卫生委员会网站;Websites of national, provincial, municipal and autonomous regional Health Commission
Zhejiang;Shaoxing;http://sxws.sx.gov.cn/;绍兴市卫生健康委员会;Shaoxing Municipal Health Commussion; 国家、省、市、自治区卫生委员会网站;Websites of national, provincial, municipal and autonomous regional Health Commission
Zhejiang;Jinhua;http://wjw.jinhua.gov.cn/zwgk/zzgg/;金华市卫生健康委员会;Jinhua Municipal Health Commussion; 国家、省、市、自治区卫生委员会网站;Websites of national, provincial, municipal and autonomous regional Health Commission
Zhejiang;Quzhou;http://wjw.qz.gov.cn/;衢州市卫生健康委员会;Quzhou   Municipal Health Commussion; 国家、省、市、自治区卫生委员会网站;Websites of national, provincial, municipal and autonomous regional Health Commission
Zhejiang;Zhoushan;http://wsjkw.zhoushan.gov.cn/;舟山市卫生健康委员会;Zhoushan  Municipal Health Commussion; 国家、省、市、自治区卫生委员会网站;Websites of national, provincial, municipal and autonomous regional Health Commission
Zhejiang;Taizhou;http://wsjkw.zjtz.gov.cn/;台州市卫生健康委员会;Taizhou  Municipal Health Commussion; 国家、省、市、自治区卫生委员会网站;Websites of national, provincial, municipal and autonomous regional Health Commission
Zhejiang;Jiaxing;http://wsjkw.jiaxing.gov.cn/;嘉兴市卫生健康委员会;Jiaxing Municipal Health Commussion; 国家、省、市、自治区卫生委员会网站;Websites of national, provincial, municipal and autonomous regional Health Commission
Zhejiang;Lishui;http://wsjsw.lishui.gov.cn/;丽水市卫生健康委员会;Lishui Municipal Health Commussion; 国家、省、市、自治区卫生委员会网站;Websites of national, provincial, municipal and autonomous regional Health Commission
Xinjiang;Yili;http://www.xjhfpc.gov.cn/;新疆卫生健康委员会;Xinjiang Health Commission; 国家、省、市、自治区卫生委员会网站;Websites of national, provincial, municipal and autonomous regional Health Commission
JiangXi;XinYu;http://wjw.xinyu.gov.cn/;新余市卫生健康委员会;XinYu Municipal Health Commussion; 国家、省、市、自治区卫生委员会网站;Websites of national, provincial, municipal and autonomous regional Health Commission
JiLin;ChangChun;http://wjw.changchun.gov.cn/;长春市卫生健康委员会;ChangChun Municipal Health Commussion; 国家、省、市、自治区卫生委员会网站;Websites of national, provincial, municipal and autonomous regional Health Commission
JiLin;SiPing;http://wjw.siping.gov.cn/;四平市卫生健康委员会;SiPing Municipal Health Commussion; 国家、省、市、自治区卫生委员会网站;Websites of national, provincial, municipal and autonomous regional Health Commission
JiLin;YanBian;http://www.yanbian.gov.cn/zw/ybyw/;延边市卫生健康委员会;YanBian Municipal Health Commussion; 国家、省、市、自治区卫生委员会网站;Websites of national, provincial, municipal and autonomous regional Health Commission
JiLin;JiLin;http://wjw.jlcity.gov.cn/;吉林市卫生健康委员会;JiLin Municipal Health Commussion; 国家、省、市、自治区卫生委员会网站;Websites of national, provincial, municipal and autonomous regional Health Commission
JiLin;TongHua;http://www.tonghua.gov.cn/wjw/;通化市卫生健康委员会;TongHua Municipal Health Commussion; 国家、省、市、自治区卫生委员会网站;Websites of national, provincial, municipal and autonomous regional Health Commission
JiLin;SongYuan;http://wsjkw.jlsy.gov.cn/;松原市卫生健康委员会;SongYuan Municipal Health Commussion; 国家、省、市、自治区卫生委员会网站;Websites of national, provincial, municipal and autonomous regional Health Commission
Hebei;Cangzhou;https://wx.hebnews.cn/xcgj/index.php?from=groupmessage&isappinstalled=0;河北日报微博;Hebei Daily Weibo;官方微博;Official Weibo
Hebei;Tangshan;https://wx.hebnews.cn/xcgj/index.php?from=groupmessage&isappinstalled=0;河北日报微博;Tangshan Municipal Health Commission;官方微博;Official Weibo
Hebei;Shijiazhuang;https://wx.hebnews.cn/xcgj/index.php?from=groupmessage&isappinstalled=0;河北日报微博;Shijiazhuang Municipal Health Commission;官方微博;Official Weibo
Hebei;Chengde;https://wx.hebnews.cn/xcgj/index.php?from=groupmessage&isappinstalled=0;河北日报微博;Chengde Municipal Health Commission;官方微博;Official Weibo
Hebei;Xingtai;https://wx.hebnews.cn/xcgj/index.php?from=groupmessage&isappinstalled=0;河北日报微博;Xingtai Municipal Health Commission;官方微博;Official Weibo
Hebei;Qinhuangdao;https://wx.hebnews.cn/xcgj/index.php?from=groupmessage&isappinstalled=0;河北日报微博;Qinhuangdao Municipal Health Commission;官方微博;Official Weibo
Hebei;Langfang;https://wx.hebnews.cn/xcgj/index.php?from=groupmessage&isappinstalled=0;河北日报微博;Langfang Municipal Health Commission;官方微博;Official Weibo
Hebei;Baoding;https://wx.hebnews.cn/xcgj/index.php?from=groupmessage&isappinstalled=0;河北日报微博;Hebei Daily Weibo;官方微博;Official Weibo
Hebei;Handan;https://wx.hebnews.cn/xcgj/index.php?from=groupmessage&isappinstalled=0;河北日报微博;Hebei Daily Weibo;官方微博;Official Weibo
Hebei;Henshui;https://wx.hebnews.cn/xcgj/index.php?from=groupmessage&isappinstalled=0;河北日报微博;Hebei Daily Weibo;官方微博;Official Weibo
Chongqing;Wanzhou;http://d.cq.ifeng.com/pc/special/690112/;重庆本地宝公众号;Chongqing local treasure official account;官方公众号;Weixin Official Account
Chongqing;Fuling;http://d.cq.ifeng.com/pc/special/690112/;重庆本地宝公众号;Chongqing local treasure official account;官方公众号;Weixin Official Account
Chongqing;Yuzhong;http://d.cq.ifeng.com/pc/special/690112/;重庆本地宝公众号;Chongqing local treasure official account;官方公众号;Weixin Official Account
Chongqing;Dadukou;http://d.cq.ifeng.com/pc/special/690112/;重庆本地宝公众号;Chongqing local treasure official account;官方公众号;Weixin Official Account
Chongqing;Jiangbei;http://d.cq.ifeng.com/pc/special/690112/;重庆本地宝公众号;Chongqing local treasure official account;官方公众号;Weixin Official Account
Chongqing;Shapingba;http://d.cq.ifeng.com/pc/special/690112/;重庆本地宝公众号;Chongqing local treasure official account;官方公众号;Weixin Official Account
Chongqing;Jiulongpo;http://d.cq.ifeng.com/pc/special/690112/;重庆本地宝公众号;Chongqing local treasure official account;官方公众号;Weixin Official Account
Chongqing;Nanan;http://d.cq.ifeng.com/pc/special/690112/;重庆本地宝公众号;Chongqing local treasure official account;官方公众号;Weixin Official Account
Chongqing;Wansheng;http://d.cq.ifeng.com/pc/special/690112/;重庆本地宝公众号;Chongqing local treasure official account;官方公众号;Weixin Official Account
Chongqing;Qianjiang;http://d.cq.ifeng.com/pc/special/690112/;重庆本地宝公众号;Chongqing local treasure official account;官方公众号;Weixin Official Account
Chongqing;Yubei;http://d.cq.ifeng.com/pc/special/690112/;重庆本地宝公众号;Chongqing local treasure official account;官方公众号;Weixin Official Account
Chongqing;Banan;http://d.cq.ifeng.com/pc/special/690112/;重庆本地宝公众号;Chongqing local treasure official account;官方公众号;Weixin Official Account
Chongqing;Changshou;http://d.cq.ifeng.com/pc/special/690112/;重庆本地宝公众号;Chongqing local treasure official account;官方公众号;Weixin Official Account
Chongqing;Jiangjin;http://d.cq.ifeng.com/pc/special/690112/;重庆本地宝公众号;Chongqing local treasure official account;官方公众号;Weixin Official Account
Chongqing;Hechuan;http://d.cq.ifeng.com/pc/special/690112/;重庆本地宝公众号;Chongqing local treasure official account;官方公众号;Weixin Official Account
Chongqing;Yongchuan;http://d.cq.ifeng.com/pc/special/690112/;重庆本地宝公众号;Chongqing local treasure official account;官方公众号;Weixin Official Account
Chongqing;Qijiang;http://d.cq.ifeng.com/pc/special/690112/;重庆本地宝公众号;Chongqing local treasure official account;官方公众号;Weixin Official Account
Chongqing;Dazu;http://d.cq.ifeng.com/pc/special/690112/;重庆本地宝公众号;Chongqing local treasure official account;官方公众号;Weixin Official Account
Chongqing;Bishan;http://d.cq.ifeng.com/pc/special/690112/;重庆本地宝公众号;Chongqing local treasure official account;官方公众号;Weixin Official Account
Chongqing;Tongliang;http://d.cq.ifeng.com/pc/special/690112/;重庆本地宝公众号;Chongqing local treasure official account;官方公众号;Weixin Official Account
Chongqing;Tongnan;http://d.cq.ifeng.com/pc/special/690112/;重庆本地宝公众号;Chongqing local treasure official account;官方公众号;Weixin Official Account
Chongqing;Rongchang;http://d.cq.ifeng.com/pc/special/690112/;重庆本地宝公众号;Chongqing local treasure official account;官方公众号;Weixin Official Account
Chongqing;Kaizhou;http://d.cq.ifeng.com/pc/special/690112/;重庆本地宝公众号;Chongqing local treasure official account;官方公众号;Weixin Official Account
Chongqing;Liangping;http://d.cq.ifeng.com/pc/special/690112/;重庆本地宝公众号;Chongqing local treasure official account;官方公众号;Weixin Official Account
Chongqing;Wulong;http://d.cq.ifeng.com/pc/special/690112/;重庆本地宝公众号;Chongqing local treasure official account;官方公众号;Weixin Official Account
Chongqing;Chengkou;http://d.cq.ifeng.com/pc/special/690112/;重庆本地宝公众号;Chongqing local treasure official account;官方公众号;Weixin Official Account
Chongqing;Fengdu;http://d.cq.ifeng.com/pc/special/690112/;重庆本地宝公众号;Chongqing local treasure official account;官方公众号;Weixin Official Account
Chongqing;Dianjiang;http://d.cq.ifeng.com/pc/special/690112/;重庆本地宝公众号;Chongqing local treasure official account;官方公众号;Weixin Official Account
Chongqing;Zhongxian;http://d.cq.ifeng.com/pc/special/690112/;重庆本地宝公众号;Chongqing local treasure official account;官方公众号;Weixin Official Account
Chongqing;Yunyang;http://d.cq.ifeng.com/pc/special/690112/;重庆本地宝公众号;Chongqing local treasure official account;官方公众号;Weixin Official Account
Chongqing;Fengjie;http://d.cq.ifeng.com/pc/special/690112/;重庆本地宝公众号;Chongqing local treasure official account;官方公众号;Weixin Official Account
Chongqing;Wushan;http://d.cq.ifeng.com/pc/special/690112/;重庆本地宝公众号;Chongqing local treasure official account;官方公众号;Weixin Official Account
Chongqing;Wuxixian;http://d.cq.ifeng.com/pc/special/690112/;重庆本地宝公众号;Chongqing local treasure official account;官方公众号;Weixin Official Account
Chongqing;Shizhu;http://d.cq.ifeng.com/pc/special/690112/;重庆本地宝公众号;Chongqing local treasure official account;官方公众号;Weixin Official Account
Chongqing;Pengshui;http://d.cq.ifeng.com/pc/special/690112/;重庆本地宝公众号;Chongqing local treasure official account;官方公众号;Weixin Official Account
Chongqing;Liangjiangxinqu;http://d.cq.ifeng.com/pc/special/690112/;重庆本地宝公众号;Chongqing local treasure official account;官方公众号;Weixin Official Account
Chongqing;Gaoxin;http://d.cq.ifeng.com/pc/special/690112/;重庆本地宝公众号;Chongqing local treasure official account;官方公众号;Weixin Official Account
Anhui;Fuyang;http://wjw.fy.gov.cn/;阜阳市卫生健康委员会;Fuyang Municipal Health Commussion; 国家、省、市、自治区卫生委员会网站;Websites of national, provincial, municipal and autonomous regional Health Commission
Anhui;Hefei;http://wjw.hefei.gov.cn/;合肥市卫生健康委员会;Hefei Municipal Health Commussion; 国家、省、市、自治区卫生委员会网站;Websites of national, provincial, municipal and autonomous regional Health Commission
Anhui;Huaibei;http://wjw.huaibei.gov.cn/xxfb/tzgg/index.html;淮北市卫生健康委员会;Huaibei Municipal Health Commussion; 国家、省、市、自治区卫生委员会网站;Websites of national, provincial, municipal and autonomous regional Health Commission
Anhui;Huainan;http://wjw.huainan.gov.cn/xwzx/tzgg/index.html;淮南市卫生健康委员会;Huainan Municipal Health Commussion; 国家、省、市、自治区卫生委员会网站;Websites of national, provincial, municipal and autonomous regional Health Commission
Anhui;Lu'an;http://www.luan.gov.cn/zwzx/jrla/zxyw/index.html;六安市人民政府;Lu'an Municipal People's Government; 国家、省、市、自治区卫生委员会网站;Websites of national, provincial, municipal and autonomous regional Health Commission
Anhui;Anqing;http://wjw.anqing.gov.cn/;安庆市卫生健康委员会;Anqing Municipal Health Commussion; 国家、省、市、自治区卫生委员会网站;Websites of national, provincial, municipal and autonomous regional Health Commission
Anhui;Bozhou;http://wjw.bozhou.gov.cn/;亳州市卫生健康委员会;Bozhou Municipal Health Commussion; 国家、省、市、自治区卫生委员会网站;Websites of national, provincial, municipal and autonomous regional Health Commission
Anhui;Suzhou;http://wjw.ahsz.gov.cn/;宿州市卫生健康委员会;Suzhou Municipal Health Commussion; 国家、省、市、自治区卫生委员会网站;Websites of national, provincial, municipal and autonomous regional Health Commission
Anhui;Bengbu;http://wjw.bengbu.gov.cn/xwdt/gzdt/index.html;蚌埠市卫生健康委员会;Bengbu Municipal Health Commussion; 国家、省、市、自治区卫生委员会网站;Websites of national, provincial, municipal and autonomous regional Health Commission
Anhui;Maanshan;http://wjw.mas.gov.cn/xxgzbdfyyqfk/index.html;马鞍山市卫生健康委员会;Maanshan Municipal Health Commussion; 国家、省、市、自治区卫生委员会网站;Websites of national, provincial, municipal and autonomous regional Health Commission
Anhui;Tongling;http://wsjkw.tl.gov.cn/2012/fkgzbd/zxyq/;铜陵市卫生健康委员会;Tongling Municipal Health Commussion; 国家、省、市、自治区卫生委员会网站;Websites of national, provincial, municipal and autonomous regional Health Commission
Anhui;Huangshan;http://wjw.huangshan.gov.cn/Content/showList/JA023/74546/1/page_1.html?menu=74544&loc=;黄山市卫生健康委员会;Huangshan Municipal Health Commussion; 国家、省、市、自治区卫生委员会网站;Websites of national, provincial, municipal and autonomous regional Health Commission
Anhui;Chuzhou;http://www.chuzhou.gov.cn/ztzl/fkxxgzbdfyyq/czsyqtb/index.html;滁州市卫生健康委员会;Chuzhou Municipal Health Commussion; 国家、省、市、自治区卫生委员会网站;Websites of national, provincial, municipal and autonomous regional Health Commission
Anhui;Chizhou;http://wjw.chizhou.gov.cn/News/showList/6383/page_1.html;池州市卫生健康委员会;Chizhou Municipal Health Commussion; 国家、省、市、自治区卫生委员会网站;Websites of national, provincial, municipal and autonomous regional Health Commission
Anhui;Xuancheng;http://wjw.xuancheng.gov.cn/News/showList/3358/page_1.html;宣城市卫生健康委员会;Xuancheng Municipal Health Commussion; 国家、省、市、自治区卫生委员会网站;Websites of national, provincial, municipal and autonomous regional Health Commission
Ningxia;Ningxia;http://wsjkw.nx.gov.cn/yqfkdt/yqsd1.htm;宁夏回族自治区卫生健康委员会;Health Commission of Ningxia Hui Autonomous Region; 国家、省、市、自治区卫生委员会网站;Websites of national, provincial, municipal and autonomous regional Health Commission
Guangdong;Guangzhou;http://wjw.gz.gov.cn/ztzl/xxfyyqfk/yqtb/index.html;广州市卫生健康委员会;Guangzhou Municipal Health Commission; 国家、省、市、自治区卫生委员会网站;Websites of national, provincial, municipal and autonomous regional Health Commission
Guangdong;Foshan;http://cdcp.gd.gov.cn/zyxxzt/xxgzbdfy/yqxx/;广东省疾病预防控制中心;Guangdong Provincial Center for Disease Control and Prevention; 国家、省、市、自治区疾病预防控制网站; Websites of national, provincial, municipal, and autonomous region disease prevention and control
Guangdong;Zhongshan;http://cdcp.gd.gov.cn/zyxxzt/xxgzbdfy/yqxx/;广东省疾病预防控制中心;Guangdong Provincial Center for Disease Control and Prevention; 国家、省、市、自治区疾病预防控制网站; Websites of national, provincial, municipal, and autonomous region disease prevention and control
Guangdong;Jiangmen;http://cdcp.gd.gov.cn/zyxxzt/xxgzbdfy/yqxx/;广东省疾病预防控制中心;Guangdong Provincial Center for Disease Control and Prevention; 国家、省、市、自治区疾病预防控制网站; Websites of national, provincial, municipal, and autonomous region disease prevention and control
Guangdong;Zhaoqing;http://cdcp.gd.gov.cn/zyxxzt/xxgzbdfy/yqxx/;广东省疾病预防控制中心;Guangdong Provincial Center for Disease Control and Prevention; 国家、省、市、自治区疾病预防控制网站; Websites of national, provincial, municipal, and autonomous region disease prevention and control
Guangdong;Huizhou;http://cdcp.gd.gov.cn/zyxxzt/xxgzbdfy/yqxx/;广东省疾病预防控制中心;Guangdong Provincial Center for Disease Control and Prevention; 国家、省、市、自治区疾病预防控制网站; Websites of national, provincial, municipal, and autonomous region disease prevention and control
Guangdong;Shantou;http://cdcp.gd.gov.cn/zyxxzt/xxgzbdfy/yqxx/;广东省疾病预防控制中心;Guangdong Provincial Center for Disease Control and Prevention; 国家、省、市、自治区疾病预防控制网站; Websites of national, provincial, municipal, and autonomous region disease prevention and control
Guangdong;Chaozhou;http://cdcp.gd.gov.cn/zyxxzt/xxgzbdfy/yqxx/;广东省疾病预防控制中心;Guangdong Provincial Center for Disease Control and Prevention; 国家、省、市、自治区疾病预防控制网站; Websites of national, provincial, municipal, and autonomous region disease prevention and control
Guangdong;Jieyang;http://cdcp.gd.gov.cn/zyxxzt/xxgzbdfy/yqxx/;广东省疾病预防控制中心;Guangdong Provincial Center for Disease Control and Prevention; 国家、省、市、自治区疾病预防控制网站; Websites of national, provincial, municipal, and autonomous region disease prevention and control
Guangdong;Shanwei;http://cdcp.gd.gov.cn/zyxxzt/xxgzbdfy/yqxx/;广东省疾病预防控制中心;Guangdong Provincial Center for Disease Control and Prevention; 国家、省、市、自治区疾病预防控制网站; Websites of national, provincial, municipal, and autonomous region disease prevention and control
Guangdong;Zhanjiang;http://cdcp.gd.gov.cn/zyxxzt/xxgzbdfy/yqxx/;广东省疾病预防控制中心;Guangdong Provincial Center for Disease Control and Prevention; 国家、省、市、自治区疾病预防控制网站; Websites of national, provincial, municipal, and autonomous region disease prevention and control
Guangdong;Maoming;http://cdcp.gd.gov.cn/zyxxzt/xxgzbdfy/yqxx/;广东省疾病预防控制中心;Guangdong Provincial Center for Disease Control and Prevention; 国家、省、市、自治区疾病预防控制网站; Websites of national, provincial, municipal, and autonomous region disease prevention and control
Guangdong;Jiangyang;http://cdcp.gd.gov.cn/zyxxzt/xxgzbdfy/yqxx/;广东省疾病预防控制中心;Guangdong Provincial Center for Disease Control and Prevention; 国家、省、市、自治区疾病预防控制网站; Websites of national, provincial, municipal, and autonomous region disease prevention and control
Guangdong;Yunfu;http://cdcp.gd.gov.cn/zyxxzt/xxgzbdfy/yqxx/;广东省疾病预防控制中心;Guangdong Provincial Center for Disease Control and Prevention; 国家、省、市、自治区疾病预防控制网站; Websites of national, provincial, municipal, and autonomous region disease prevention and control
Guangdong;Shaoguan;http://cdcp.gd.gov.cn/zyxxzt/xxgzbdfy/yqxx/;广东省疾病预防控制中心;Guangdong Provincial Center for Disease Control and Prevention; 国家、省、市、自治区疾病预防控制网站; Websites of national, provincial, municipal, and autonomous region disease prevention and control
Guangdong;Qingyuan;http://cdcp.gd.gov.cn/zyxxzt/xxgzbdfy/yqxx/;广东省疾病预防控制中心;Guangdong Provincial Center for Disease Control and Prevention; 国家、省、市、自治区疾病预防控制网站; Websites of national, provincial, municipal, and autonomous region disease prevention and control
Guangdong;Meizhou;http://cdcp.gd.gov.cn/zyxxzt/xxgzbdfy/yqxx/;广东省疾病预防控制中心;Guangdong Provincial Center for Disease Control and Prevention; 国家、省、市、自治区疾病预防控制网站; Websites of national, provincial, municipal, and autonomous region disease prevention and control
Guangdong;Heyuan;http://cdcp.gd.gov.cn/zyxxzt/xxgzbdfy/yqxx/;广东省疾病预防控制中心;Guangdong Provincial Center for Disease Control and Prevention; 国家、省、市、自治区疾病预防控制网站; Websites of national, provincial, municipal, and autonomous region disease prevention and control
Fujian;Xiamen;http://hfpc.xm.gov.cn/xwzx/tzgg/index.htm?currpage=1;厦门市卫生健康委员会;Xiamen Municipal Health Commission; 国家、省、市、自治区卫生委员会网站;Websites of national, provincial, municipal and autonomous regional Health Commission
Fujian;Zhangzhou;http://wjw.zhangzhou.gov.cn/cms/html/zzswshjhsywyh/yqfkdt/index.html;漳州市卫生健康委员会;Zhangzhou Municipal Health Commission; 国家、省、市、自治区卫生委员会网站;Websites of national, provincial, municipal and autonomous regional Health Commission
Fujian;Quanzhou;http://health.quanzhou.gov.cn/xwzx/xydt/index.htm;泉州市卫生健康委员会;Quanzhou Municipal Health Commission; 国家、省、市、自治区卫生委员会网站;Websites of national, provincial, municipal and autonomous regional Health Commission
Fujian;Sanming;http://wjw.sm.gov.cn/xxgk/wjyw/sjdt/;三明市卫生健康委员会;Sanming Municipal Health Commission; 国家、省、市、自治区卫生委员会网站;Websites of national, provincial, municipal and autonomous regional Health Commission
Fujian;Putian;http://www.ptcdc.com.cn/ztzl/xgyqfk/index.shtml;莆田市疾病预防控制中心;Putian Center for Disease Control and Prevention; 国家、省、市、自治区疾病预防控制网站; Websites of national, provincial, municipal, and autonomous region disease prevention and control
Fujian;Nanping;http://wjw.np.gov.cn/cms/html/npswshjhsywyh/wsdt/index.html;南平市卫生健康委员会;Nanping Municipal Health Commission; 国家、省、市、自治区卫生委员会网站;Websites of national, provincial, municipal and autonomous regional Health Commission
Fujian;Longyan;http://wjw.np.gov.cn/cms/html/npswshjhsywyh/wsdt/index.html;龙岩市卫生健康委员会;Longyan Municipal Health Commission; 国家、省、市、自治区卫生委员会网站;Websites of national, provincial, municipal and autonomous regional Health Commission
Fujian;Ningde;http://wjw.ningde.gov.cn/ztzl/qlzhxxgzbdgrdfyyqgz/mrgg/;宁德市卫生健康委员会;Ningde Municipal Health Commission; 国家、省、市、自治区卫生委员会网站;Websites of national, provincial, municipal and autonomous regional Health Commission
ShanXi;ShanXi;http://wjw.shanxi.gov.cn;山西省卫生健康委员会;Shanxi Provincial Health Commission; 国家、省、市、自治区卫生委员会网站;Websites of national, provincial, municipal and autonomous regional Health Commission
ShanXi;TaiYuan;http://wjw.shanxi.gov.cn;山西省卫生健康委员会;Shanxi Provincial Health Commission; 国家、省、市、自治区卫生委员会网站;Websites of national, provincial, municipal and autonomous regional Health Commission
ShanXi;XinZhou;http://wjw.shanxi.gov.cn;山西省卫生健康委员会;Shanxi Provincial Health Commission; 国家、省、市、自治区卫生委员会网站;Websites of national, provincial, municipal and autonomous regional Health Commission
ShanXi;YunCheng;http://wjw.shanxi.gov.cn;山西省卫生健康委员会;Shanxi Provincial Health Commission; 国家、省、市、自治区卫生委员会网站;Websites of national, provincial, municipal and autonomous regional Health Commission
ShanXi;ChangZhi;http://wjw.shanxi.gov.cn;山西省卫生健康委员会;Shanxi Provincial Health Commission; 国家、省、市、自治区卫生委员会网站;Websites of national, provincial, municipal and autonomous regional Health Commission
ShanXi;JinCheng;http://wjw.shanxi.gov.cn;山西省卫生健康委员会;Shanxi Provincial Health Commission; 国家、省、市、自治区卫生委员会网站;Websites of national, provincial, municipal and autonomous regional Health Commission
ShanXi;JinZhong;http://wjw.shanxi.gov.cn;山西省卫生健康委员会;Shanxi Provincial Health Commission; 国家、省、市、自治区卫生委员会网站;Websites of national, provincial, municipal and autonomous regional Health Commission
ShanXi;LinFen;http://wjw.shanxi.gov.cn;山西省卫生健康委员会;Shanxi Provincial Health Commission; 国家、省、市、自治区卫生委员会网站;Websites of national, provincial, municipal and autonomous regional Health Commission
ShanXi;ShuoZhou;http://wjw.shanxi.gov.cn;山西省卫生健康委员会;Shanxi Provincial Health Commission; 国家、省、市、自治区卫生委员会网站;Websites of national, provincial, municipal and autonomous regional Health Commission
ShanXi;DaTong;http://wjw.shanxi.gov.cn;山西省卫生健康委员会;Shanxi Provincial Health Commission; 国家、省、市、自治区卫生委员会网站;Websites of national, provincial, municipal and autonomous regional Health Commission
ShangHai;ShangHai;;上海发布;Shanghai release;官方公众号;Weixin Official Account
